"1","2"
8.810877989471074,448.21343737837316
9.69154468222165,103.494496927733
5.696549018970317,180.47448807865212
7.735093687019884,89.44555434562227
8.992671669174145,168.48483299642362
8.01384269049075,52.44209249428841
6.220695519184768,124.87874947186464
9.97608409913899,181.70896079417102
7.424590423500597,101.06368841789406
8.302900931988628,154.9248976090671
8.561227558883484,145.73992940080603
6.705863778836813,58.04546215084598
8.21875534228115,124.14514912903076
9.203601624791949,233.1786065768256
11.006758467086101,198.84660631301782
9.11385028876446,90.61447817238668
9.289569486562584,159.18101954360532
7.98881914501091,104.15718659697077
10.04245073743136,186.078729508314
7.5935903501945745,205.98615003533072
7.498402194503123,69.8298885120999
7.833896869347327,152.3153323839457
6.778188590879497,116.24309304098908
8.233326800317343,153.50191878621442
6.0414533643931225,90.40612967693346
10.065869392300838,208.84580872179703
10.358598117728457,181.4845130694517
8.03356158230699,72.09899058375736
7.717922731790947,209.4306894627434
8.321827502022474,186.34752473307375
9.175948995840786,152.6102227372782
8.602823999165198,137.27562027276372
8.673158437010388,113.95701233603155
8.216408429398554,100.68693647934029
8.471480768233004,69.0447920615845
5.766658464196419,86.55496612210561
7.056185832322785,42.098364652634814
7.663539856635618,64.54775242031036
9.45391018068967,86.24844313021427
7.578394129630296,72.77320975725499
8.685121153191309,77.85961134250441
8.708098596988593,158.5896873677267
5.7993200190197625,133.26686204249222
8.082170408834934,113.72295564457659
7.254371415213045,83.6452411308733
5.534374316293527,114.57672044937435
8.824265074903282,110.82927760102214
9.02469608499812,170.55382668292916
9.32528197405414,228.01293830400485
7.3504812439409015,121.98429840136083
9.831413057663443,140.02809157435195
10.986074002687488,446.85068066700273
8.643520091170219,407.7632159318274
8.442777246195268,240.414222299901
8.68350231305917,170.35110988467991
9.830112471473047,188.96585605979683
7.1808091715600195,99.9687439444448
9.422471252791068,130.32383905514376
7.5546614771009875,159.35824656751845
8.523259197570304,73.4413525024022
8.704071861701317,86.70612112206443
9.574923277677284,139.22997498289178
8.51641959469816,174.97723620651155
10.90234237693076,148.36938884924214
7.791819930070824,99.14356303427219
8.163484188973701,135.6101679769427
8.963960740208945,75.74582899490825
10.077465214918286,178.7090452584685
9.350953212079064,449.08092374910416
9.076134468581813,145.87849432161624
10.833509553128348,101.87262012622662
4.832452685346287,78.48306063923721
7.998229968421103,79.27656658370232
8.520328996055587,78.56248664692684
7.127952778924612,122.25187642300888
9.820992144030155,216.57746271329842
10.034810474829015,86.57578091948757
8.233817497379452,79.60905170090355
6.880100911398852,131.56267665195764
7.462241966686026,380.4662808253936
7.9291107768565325,173.098811960033
7.201048765308462,124.10652207039664
8.66169999245385,365.9734469445796
8.253769067936902,133.4317712522591
7.957266682344005,159.65519236675908
7.988710146214854,88.83224746757732
8.749409811080879,86.43622263211218
7.580996108979825,127.36812838863176
9.343089373807784,253.26188795526488
10.112717645598805,183.72522325994566
8.11806766495787,73.50280462033852
8.514379231029327,123.41525647946682
7.551988716904439,97.35006171579334
8.714998108491375,137.4158036618112
8.385198491330572,94.99001566009005
8.163283035781678,145.15205889365856
7.061625855094063,166.2421688069929
7.811684004068351,209.5645767980789
7.868669824801389,150.17232888780092
7.317411330834266,85.13371717521704
9.295230251679817,147.90636910922797
7.918199254841483,130.75012255199402
5.3626446485828065,103.88175943400243
8.638687973984725,190.91357668185228
8.760688352947083,184.6377332499585
7.72277018495541,100.01243412018684
7.883791380074211,468.52223515517966
8.727792904003017,101.65769039335993
10.154957868665267,133.93471664505648
8.263196009764568,171.58296725811687
10.7324157666343,204.1897652667115
7.902267764570906,176.0200596516406
8.20582699319017,102.30828466475334
10.023120251754992,103.53588982902819
7.405163633243298,135.94599389881347
9.201911699299934,155.8476239522787
6.781019595888381,106.48968174192821
5.960229131586784,71.81958879378391
9.408198454806648,120.49015105142138
8.567000244248817,133.70408174457532
8.735360907165626,193.3993995851946
8.35453404080471,101.07581196438608
7.719917569587188,127.70739756919387
8.310589836057131,127.53918350544564
8.602766495751341,153.3288303523883
6.983051282799533,56.766176904713056
8.23574038120898,101.86559831803216
7.438246218995322,74.67604683771394
8.489331228987032,55.30126838093745
9.776956824936436,157.03100037450017
9.499773997623516,406.87383640249635
9.95281258102604,358.41941267484617
9.194367823982553,123.17248439230116
9.441438863549722,220.42499125770001
10.731551418430675,174.41918229931557
8.173107900482114,172.53969251601072
6.651266293249357,137.04310003916945
7.302508399204652,110.61107369616433
8.229704620639945,110.05952038671244
9.042026213821648,70.44905515129781
6.664985623880633,91.47024982566181
8.480442727774221,151.89665033261366
8.5376271201411,190.58348804407882
8.940813036535962,201.02435720727348
7.680732817895611,104.66406502752045
7.876217477677258,175.15625757158435
11.700239930962713,275.83424842849917
10.468214071490033,95.07785735716264
8.713054962838465,426.9613375489726
8.690639284902169,66.6837314275011
8.851227847048243,137.56983473777115
4.59728677332236,235.343968811523
5.100111336003763,88.71477070732496
9.04077154943826,177.23351317860138
7.784033717304893,103.99767420140228
8.498648581394006,99.51983934648408
8.761370162191595,122.56267154284124
6.711410389159623,121.90278401507385
7.485610172486532,117.53965012301106
6.802509275498358,140.9454724288554
8.707236519061842,151.28466991742022
8.037319664129713,168.10595761298148
9.415487411443847,202.33255662681785
8.031734334769082,60.96378648184489
7.985152780705012,84.0128424784205
7.524109017745968,166.69535167742606
7.744418156838164,81.88305263543691
9.669628274192778,135.6977824057723
9.40214656911757,289.1203858237967
6.7938575541640445,72.4420030128604
6.440396471975451,118.46180816716635
8.794661959677867,117.16111347395105
6.622092017431211,57.3429004974436
7.101284697183822,163.35431222921338
8.478179938486075,214.43793623868942
7.8859126580757,74.47847098643558
8.535394634791912,439.32260659277176
9.849724917877037,32.98413444341673
9.016611222883409,133.3757741441112
8.021933984496462,75.63923560876654
7.807985180390418,112.33536099641421
7.849631296734524,142.25981915728482
8.347777187845475,370.9123288270722
9.1138234382436,393.7486879910157
9.025761498816504,176.4146480856456
5.682527284871668,69.0966728215391
8.325877006626751,93.39030215934571
5.448433917922389,80.52863340131694
6.285729118218901,88.02390304481018
7.716609033162682,73.26566149378512
7.264436749578343,54.51297301801075
8.181160021680213,79.55312590475346
9.087437075694867,123.22233716359396
10.002319449805023,122.76521521205022
8.193549044614553,122.36325173485405
8.597777280259555,192.4135923536861
9.281156962811616,101.30252877679855
9.086881479418237,377.72111014562637
6.915708589896762,74.97116805307982
8.94549868434643,161.3266039494199
7.076077257545128,96.02031701227487
9.227139095425622,142.80328544576602
9.747747407575002,71.36337630825912
8.04825291105623,119.69055873192356
8.730809678919341,132.95253193979647
9.263629641830217,136.0203937719565
8.581791276379535,107.21248406920004
6.495938303493307,175.8260206569077
8.637844399586648,60.279084380807454
8.468920602305852,124.33929783583237
8.449872183852259,123.1436872722978
6.651103904862863,114.47111021211096
7.138040470400344,103.69193861025627
8.766618056652057,147.81114663389894
8.61038997144503,98.8775504366732
8.129613064317788,125.10811875285587
7.783944758736008,108.3722106080715
7.714879759559162,83.18075527870457
8.10493612004919,56.16159966644439
10.619678906130314,185.9843357112576
7.192154562166499,176.06411800181758
8.395579073487179,123.93348286464231
6.530910289714881,76.81590375474507
7.129953830879577,121.35621216105663
8.320107426910816,387.6379330006222
10.184948952139967,121.44054410573906
8.116579395243496,96.76984695163384
10.041498592478183,69.71526893984336
8.44244696289353,116.43135418360431
7.991403960856703,99.04746766642602
8.237366315272077,183.04734727714236
8.797705064439597,85.90423747891346
8.308278955012733,131.14276883822745
8.998673985807246,111.59201655379269
9.752299425175424,64.70047347859035
9.12626654677891,135.05616272544606
6.146596759541534,146.98555520334983
9.556558467185797,73.55123012259517
6.8818462702634475,106.50789416623691
8.496686272939593,165.02758970835498
6.316170734513344,101.3451842306393
8.308657187663016,158.8803554020671
8.596709667549598,114.4132874397832
9.15504675283924,150.81318560751882
7.985968223915122,125.61655705368385
7.632256494030595,176.2413833996964
8.212921293956585,70.5469972499684
7.3860695039766275,195.31753764812882
8.460800490122827,68.29510289971839
8.418604828280452,126.20160400164959
9.3728897124643,121.7583606050755
7.817875291568304,119.45512636131252
8.104542853079229,92.54180796058348
8.739161514937239,95.6966109586014
8.199696922188394,93.43520238077193
8.263867312175748,175.71903776040475
7.658633958623636,165.81645365664082
9.172078533565692,214.33670768196893
8.342962996368843,84.17014357933748
8.689180874645416,246.8410417266996
10.314576028968641,155.08233077198082
8.07088186339205,135.38876472241512
7.993261704837472,193.11952390221504
9.125086424167906,104.69123720047251
6.645590122346126,120.10905196509995
9.682882582476118,63.61852378968536
9.021431691525988,162.4108702714914
8.860464360161536,68.21693714553905
9.406696375728952,128.67288348245972
7.860272241941229,115.39740061261827
7.861462799761753,109.46584306023621
10.527307955760094,188.07184992141174
10.173898195773738,404.53412502451636
9.560461318118307,85.42347937494182
6.8631978678707695,127.70389625486806
9.747843725655423,357.2429224744336
9.390317750381696,121.49794899785911
8.312670917620586,475.8117781380143
10.625843955666056,134.32055057360986
9.504302871877261,119.82535652163513
8.530334580211017,89.28395755322519
9.714722496336687,380.9062448871159
8.0949720813987,90.8804068150646
7.778089895458785,354.98518341602187
7.503872693268592,107.05413490025629
9.46281411587656,169.74586950580283
10.374128782418827,146.58267149598538
7.9963604307206975,87.03473155500801
8.234783592671231,186.59153475256562
7.939464311075205,182.53872658208812
9.645698272450133,215.09943369831356
9.63504605243087,23.248364783061284
8.838014253256908,126.51166255728799
9.3407121885933,185.008535603723
8.419196682414531,81.96453281677091
7.565534176050551,78.9863426229743
8.197174407088108,328.004219930101
5.341868118166838,150.58737169570543
8.133026076903352,62.65954793580652
8.606655590441038,121.96827618410744
6.557637296890017,103.16697972061537
7.393574953361792,185.9581020426797
9.17349802844968,52.16126899833618
6.650979439640616,205.07864635109024
7.834410865804727,89.38082994028039
5.881177105282915,49.39568162959938
8.466701483748873,188.9183348379804
6.046577762110188,172.71348950036153
6.912161897162454,105.34679817118533
9.898153858952153,174.7626597235605
8.942895711838352,99.2401308281988
5.746780204927704,130.07720874571518
9.420252864264329,63.97959452316965
7.146975753119047,101.17981272326418
7.893630153747821,91.77411438387772
9.072471641870033,68.61971363820486
8.659059529688557,107.1197394681743
10.4150054972261,168.89325479651214
8.27755333121036,158.3408617873371
8.330318316737014,138.21159088070692
8.488341978230261,101.79555583249059
8.525906880916821,129.63582457326774
7.962670689204741,84.30989470165059
5.778000412858035,93.83822543652964
8.320717546446774,161.4355756984155
9.162285405456604,134.40158416973662
6.165368932237625,139.46407123210244
9.103658273861821,154.60089022234936
8.229596900696912,128.0654560905113
5.310417858228769,100.88446874333954
8.65831503718959,44.99497494291757
7.106804697945634,94.84538099756682
7.6337344626381025,110.23984539273107
8.571667802565866,218.62951653273757
8.530780461403939,192.2573729926448
5.926875990761032,81.37684184553224
7.603990259812656,64.40013996264376
6.9382310408870795,78.4372119143866
9.025333487364422,147.32330104737787
6.77911122336336,128.6952197790033
8.917788743322848,141.74941828035955
8.351887021805695,56.347467524942644
10.82615729259767,102.16476145018206
6.373246913211801,89.84894510073238
8.438128061230936,81.71083950584644
9.992596691600593,151.05983327787536
9.297793611456695,126.72189330510055
7.707849505810487,102.23684908146252
8.891956484116667,108.90053982954159
8.576062068397823,129.02902877737637
9.276463644217957,103.8930862041578
9.604857709503216,130.88256532824974
7.9026435295965705,133.94555728716404
8.753346030075104,207.39992161096612
9.143938508086846,74.46354649343427
5.730973441606747,59.501842383512574
7.794334160112124,95.11087262744444
8.290893999186325,152.18080485157355
8.703734187935032,490.7776814518888
9.597944343661023,168.20280938908007
7.850212847308096,99.11098002138864
7.549933876618254,175.24387551943906
8.732756438387824,77.90076502295446
8.52587525329202,82.04324370672114
11.535394949048266,162.97775905922038
7.2701474056989195,102.89356968951708
9.050327907221725,161.583116998774
8.784141842733327,78.96384900493945
8.994989783669231,119.3855433532884
8.797266846762744,159.69378694880982
9.15782957938904,128.77254864539844
8.720882928757456,130.13832001654484
9.500159583898599,238.0526265835357
8.369901576233364,95.48710873967613
9.000048064987393,57.277930662434066
8.172900896013148,103.08734778063709
8.169329092061046,396.87773526959813
8.934298673503822,81.42111062438148
7.444026739478298,148.59069242609502
7.446131980454878,124.06422594686623
8.689170132072128,188.15693278140682
10.190126324984034,77.9591845743997
9.868433255554756,220.47850154178616
7.932060337047384,139.45564792798442
9.27631192043089,105.05456675927276
7.425754777834477,132.83905432352168
8.442109714950918,110.61927526260399
7.058075631195128,95.7774611892416
7.238465126231214,194.81966765778847
7.668993122151357,178.85355891283882
10.320908420651971,264.52764595098364
7.9294389137281085,358.64620143642884
8.230910771057463,81.6555793128778
8.351956702802111,175.32444370033542
9.166893115869486,132.78002153105774
8.895803348126528,90.02909982047585
10.013828582560183,203.0639033353635
9.505891254627187,66.74196892314832
8.21758333421201,78.7497179506483
8.130996934812254,159.23014250880743
9.335125051971037,132.89319290973128
5.4560110168085565,63.95124409654441
7.888008776219312,28.713788538972306
8.519242356553786,42.89068974763803
9.057958715533855,51.47383537140355
7.642367805150843,159.11720005160058
9.053237080129561,159.23205235260897
8.661503481055421,89.90812771646993
8.077332493186766,75.27341402952085
8.003809654060406,128.2566244994248
8.924042179209641,129.61470012260472
8.491692145715959,132.62357015171054
8.32962263269449,92.23530707755572
8.830448923283221,106.16345869997208
8.07649566107677,169.65836746934514
8.558827555167571,124.164114487713
9.046463517123893,133.63545641702885
8.498917673774235,124.83182280365996
7.772145868237809,100.21672465730384
7.807361301914151,107.6924577743452
7.571219660705745,105.5937576094844
8.519434232755978,152.66349568610025
7.009408650423036,84.41596658323719
5.664180543881594,150.94582099227517
9.242877654146808,102.17560960065492
6.029973759150143,106.29719736030994
8.995974448218432,113.23774160234896
8.524122871673036,70.43407709757524
9.81979882323021,111.91714827895159
8.085477261245979,60.88417629253499
6.0213288104914415,229.34552247073304
9.906017260830158,63.053260274824375
8.296770834524299,125.77202422851872
8.631608774819414,75.58337346921657
8.722423860655677,110.19021211567406
7.801825673292861,44.577585466240436
10.837572155812746,222.36609904260143
7.464196766054959,171.31128780006074
10.12912843036298,79.87156404384301
7.701516353220858,111.26294368861565
6.726084330375913,155.42366058891295
9.031668391829529,235.20221505884066
8.388041765564147,95.84701680651354
7.4238740950753614,90.50043023465565
9.063773061903822,130.96574694582242
7.8978451299151535,163.88105288273957
10.627193725982881,175.59567559379101
7.6245365136634335,325.51814236969966
9.310106198290123,100.20746964318005
8.751240220647338,76.03777447249885
8.019704290025086,142.4580101915279
9.029661049283202,131.52030374083628
9.634049429062976,75.80873079876655
6.118048135539688,128.46908555393088
9.05999199481159,165.11428270478078
7.772656627357215,91.9138012131936
6.8218500453194055,215.023972229028
8.687653889002389,103.89430038440685
9.364732708614874,112.44652658869578
8.242825312751988,159.41240582228403
10.078146048255103,156.38021769107436
8.891763930833914,144.20270832120522
9.537760606145904,241.48754793428924
8.88079665256582,101.42406894686623
8.438146628201302,106.3742549547025
8.261740930676575,81.20021234059419
7.5182676986014805,135.58118944375462
8.798190572053649,70.18451283334466
8.811433333432614,142.11222668709846
8.259592890585282,65.86413924971504
7.3719165656037715,187.2194685505356
9.478478322608689,89.7777533009893
9.795234280984664,64.19684468541115
9.751170489227912,89.51888308049612
7.069450425044608,134.41499448964856
7.6388966279029455,91.6674165379926
10.533660860984934,218.5074891867376
7.920136350226923,125.30788823223476
9.949178600378195,125.46487107594416
8.280507091194583,88.46774374079527
8.863429010416562,132.23041267607172
8.478977090065674,127.54063057712952
6.9109502125998,150.2539198705395
9.322662353825905,92.56901673599656
9.10672438930483,92.2501385885068
8.114199687675091,146.32934614727674
5.438559488582978,186.50511159988972
8.574716819604081,151.59976927071756
8.778554603842817,54.8580910897157
7.325075098611713,125.22879148805237
6.796591680192512,66.55569616614459
10.222913664250324,147.2015338997986
7.25607383652117,63.92796261937696
8.402620423382958,276.22524073377514
8.077115529195737,55.26198006245201
5.984492842406024,69.68802380691953
6.226152341746559,143.7208243338273
8.778316100923304,177.8688410815078
8.369892587155936,133.36677893009107
7.912681653645495,73.28453714044822
6.954741116936691,55.5525860758714
10.240281904122552,176.44591656483203
8.240045525143882,132.17195125457806
10.823862608018372,208.80300809946118
7.97905263310225,170.32770944229134
9.137403448786467,101.99696319467593
7.619725687649637,66.97220952594067
8.507026473978643,103.25435369934831
9.426881511623133,146.60464434667833
8.723888384543736,50.6913012459346
6.4195766802181975,78.5115325835262
5.744646141737936,147.47729494259232
8.156693963394025,119.67184095231896
8.665143555773035,150.81665719382374
7.7752081217598406,190.39044204713053
8.445470842904786,133.0075459785681
5.360396724617695,93.7327813504808
8.545602272071443,42.62132568767378
8.845921343637631,95.7692977267634
9.548234183548317,74.0392075360304
6.848037304484223,112.3167881996653
8.588039750661787,42.855900814220476
7.693026204396155,108.7806617456512
9.345962320689758,68.35440868679186
6.890773296768709,76.37030864711909
6.889069184072737,66.67691326340736
7.437530549238808,135.23575222527435
7.671514992677213,114.17208502720672
8.204693315471108,124.26548079744623
9.293402144300096,168.35193250130706
7.421435863209388,79.84491999065743
6.225431373441322,96.81091852413843
7.843739732016554,330.2692284820984
6.453117953825751,145.31335067829875
7.751159419158496,142.78854058550374
9.749480212685217,217.55641497092827
7.565323631347576,203.6784951251684
8.27617917435961,46.24708108533628
8.393986994992744,78.91704015729722
8.815139651620044,42.8352479314755
10.091131846175424,198.33342689330829
9.465455943794248,77.5691831813751
8.372989760713299,140.3180557548196
7.9959211337128435,465.61335567742753
9.288585052518968,202.84308699846858
8.004214373809294,119.6171221491825
8.498689121242602,113.10659342385185
7.111946908824892,117.29903973203476
9.050746682399351,89.6210855645796
10.101282579764732,187.71060313010196
7.988775564488336,122.69014121964383
10.241689631217348,253.63396563717163
8.828803359069283,64.83727224041506
8.333397773635623,134.97132239007834
9.641994771148047,61.716935680730025
8.533002326586171,148.6362552717597
7.404765780161044,128.69262461631558
4.847002691468445,145.7439323849363
7.485214146790423,106.06252833526993
6.646513173766144,136.40363883278997
6.336751968303474,138.53579896781923
9.304185464592695,132.28674713468786
8.032088761167246,134.2404546004187
7.707925832050841,154.79868250331708
9.460789206804558,135.27936900310098
6.366933763734266,140.2946789811647
9.734818441921515,93.09669081837365
6.906685593051484,106.76714250571878
7.1717140560294315,441.0748941421878
8.395671797060906,62.25899832042374
7.747906432091679,129.61680952908293
6.467554039884182,103.66141515758295
8.682230092263126,112.24070357881912
7.498490541969717,134.1126760182019
8.558609363539407,157.54528111493494
6.8552846207298295,164.69579360531768
8.836749883878024,118.8080359004012
8.088504861452838,103.89242245903831
8.68468808542502,135.00773210365807
8.839961976407086,178.39233369180675
6.915777763975497,90.63674397879294
7.47389167480088,145.1083660024908
8.675478017491804,76.76954582969
8.334209222833318,295.4943722487938
9.114771719644562,41.26008640389522
7.067397446359647,91.38736027272064
8.249183097920216,115.66831549452051
5.551160875319269,178.01150623419602
9.37941495496241,87.48465421383999
7.960229583001436,122.01286365084835
8.86788585037494,172.3936115907188
9.898109184894563,75.39562206607303
9.156137528346369,178.5175001521868
8.802699855574659,39.60239843845393
8.392291967655,130.78844285053086
9.068038378828724,128.1010593449784
7.053004505981808,123.93433719263822
8.59866321292408,215.38055476641063
7.82292036937934,105.89096089019225
6.855712861782648,121.31068563444195
7.416454170779308,61.64945716681401
9.450700834583452,120.05195249987308
9.865115246311378,61.437623033154246
7.741871112306336,93.41016448740255
9.280008344213837,113.03025486583523
10.389533790381284,225.18121648134345
9.16548171501632,70.73306471314623
9.52765545461786,124.19703208989318
9.118846148532194,150.01179489658077
8.568507513461425,61.74889002485904
9.137121255506157,106.4831501074118
8.968563157668004,409.3608088822341
7.529927760396077,37.126635152565456
9.277051248345842,98.46232600338959
8.006714967455336,84.2818424981083
7.76650067449929,131.39989640227205
6.214465161272702,80.36782642087816
9.076696627672801,59.12680191417748
7.239662335117633,92.3157751182082
6.094464775617629,152.4997906832972
5.754690575861101,144.24899860861612
9.004195662327426,133.04339047231838
8.597932783331341,166.71885548320714
9.452816139118095,203.71528250207737
6.8622610802639255,129.3452646588171
9.3346977882399,125.1064874988526
10.314513276839477,72.01144354160411
8.376407270902293,86.83313032120255
8.334686653017759,96.85726385947909
8.462069927603844,134.9558684367527
8.042805820831354,107.60594372270029
9.32313790977472,142.34342370035066
6.565495120068703,285.45429969565896
9.220129335386453,163.72714334517403
8.025763849018531,64.05263779386
7.047250096759112,92.8939210991316
8.091043622202523,91.26949675703642
8.039591541854918,59.04361952971141
8.289276985437366,110.56171016602795
10.961779311747193,39.63762823639443
6.8623949937009305,88.23462057622078
8.578724901433878,113.68606400493245
8.607623175423381,67.40430896730186
7.03331306379958,62.954417965334365
5.6805872596260905,204.8800473638657
9.081369216183367,99.04051099259894
9.566801119678747,79.32538727273634
8.188018433408924,104.39034124037754
10.691406520066446,71.04386892027182
9.058045556811178,470.3283729773025
8.383453019752862,180.80785195399
9.132646610383725,168.27832147065754
7.253073728714683,91.16631823239895
6.369833137019175,130.29286882658988
8.005811710386983,169.81770013087143
7.979547450169356,140.80778681757886
7.963545643938983,88.94599304983011
8.497932297590326,111.63534821695478
6.256872446879496,102.06694885658257
7.8089317821444775,91.35324479152737
6.54844807661104,101.99205445180057
8.9379252031776,78.93728045100376
7.652689345223307,75.28666661791556
7.090127175177143,107.57652978532616
8.353827628262128,163.1719310784318
9.445516098847108,118.61042516583711
5.090128721124081,89.54595862446436
8.490300471198307,134.6787494800499
8.865014047156455,62.29559833190975
7.473578627332152,150.98112990080804
7.768606327281819,134.7833652298209
7.756566131992457,109.58459703019663
8.674470549072371,211.29371626895832
6.3688871673132725,175.06068947578723
8.428352758454409,117.47608530002962
8.570593665010662,109.64702594111192
8.79428691452615,110.585035352261
7.842990277989752,71.51359471266878
6.8932136251921525,123.40260272389149
7.136550018487361,67.40980644587043
7.67470411722763,146.4155846792082
6.43835695562312,76.1364311463234
8.681372003078309,116.7364537142112
9.718804856030099,451.0646896557866
8.584417463822648,169.33264518010688
8.155769658611156,441.8061346305973
5.493597084815677,214.32277091507763
6.4926761377903555,128.7234099661214
6.840193431651858,141.48260994824187
7.239058448147856,75.06524863878401
8.758448231523666,193.87329550156326
8.227569477766433,122.41303714111116
8.448320024188982,65.45995051100417
7.2397063447175976,63.50497576308538
5.019360317589639,130.35871176846823
8.805287966763109,215.45417125012668
7.503604590993232,110.6898188791416
9.324427595488505,126.96999286366369
7.0317093000036754,47.86601036565493
10.329958963501324,153.8190544887473
7.669053721608934,173.24500924284348
8.846053109191287,93.24126752350506
8.805047250409013,146.5047679723632
7.974823294267008,43.81888840816547
5.27743633828374,167.24558739021504
8.764753472676611,164.60557166817068
8.955629214381847,83.1507544977621
9.310254893121623,95.29559100238295
5.887025199539014,78.88635562178183
8.503720176266738,52.554359103399925
7.303961530699902,111.61561507762129
6.735977187687881,114.41785031981472
7.601797265663937,189.0146181941223
8.94124311010905,129.71322436844457
7.258258091062649,50.81819193050135
5.216171294956935,107.32675506870262
4.727684979278576,258.06768902194165
7.719520043987567,150.67448797168132
8.918650749240204,176.24306550711086
8.562158440216063,58.50563299446472
7.447984617489553,171.52295963678702
7.5897468765504765,125.13500755555187
7.972808092492199,98.95808851279087
7.391829684117639,140.4529814810483
10.249087918419168,134.90925479994905
8.115544222205386,94.21794669569086
8.251501279645415,135.31618181415377
7.0040272839899025,118.4050103354063
6.569875463381616,78.28387644154368
8.69874654054219,156.07780474395975
10.03242540148225,178.40891731154355
6.688250328374357,195.84981054530232
7.4942238178153495,92.0380690721754
9.179415830701362,103.12421516133664
7.7928340430447065,122.30640006167694
5.822473693753292,132.84264222314602
8.527661822940638,385.5291447164674
8.776531521724058,153.25610338217726
8.972483706786912,59.7623848479432
8.437274965602091,108.22231998829905
8.341730509639607,76.3833516071002
6.460857012605812,131.84148442784826
7.359430400359751,66.71766013890948
8.81662975672876,129.9522554819908
9.107638219524777,82.06167108536228
8.718871422910546,173.55652232454486
8.891348433477413,197.52348652828445
8.289214566316575,174.90907228689727
9.09362970450426,93.33959622913143
8.316124143212322,82.05987541389159
8.576177035871833,145.52492619448324
7.914726221034098,82.1674238139205
7.019474953030804,112.40444048059072
6.222189992632787,74.85196551874064
7.547057201916652,93.58432472768591
8.654874561000307,138.78531650360063
8.053380120887518,216.7649321630843
9.31233289768451,184.7420584910347
9.896207946950822,165.40139801490272
6.005544030826588,140.58046199826242
6.4750863096923075,179.99128064638398
7.398479117720302,81.53066161977088
5.272110931077161,107.46481482695938
8.500274098789443,71.16445045857006
8.061283854958614,73.92631836991552
8.138047001642597,116.70805183694316
8.609545357497728,48.75759191579721
8.192942049918313,73.64391054285196
8.189856146653787,101.31917639862264
5.961682194389795,138.76004654924972
8.520344651331675,101.1216804868218
7.810585013192278,93.30398947382395
8.867290836934115,137.37472498997857
8.843480684827123,76.63830533915215
8.881549798489363,60.51927796093601
7.81210534881137,103.32815194653996
7.2598669688143715,124.12326057664623
9.112906688204037,98.20404933036171
8.23131493878225,117.15450665881454
5.358267577283772,147.0898331220275
8.854162826201277,136.8859538452013
8.585462151188482,69.50299057281133
7.74298964794367,92.0025561593735
9.432090496269742,172.4463292689772
5.7724137787129735,73.17718122274361
8.58847356299322,123.80696067325846
6.190557450268866,73.25578003424054
8.206134134308138,77.9074460108217
6.943342409255388,206.63486859824368
8.219006105007178,106.0754445794845
6.9902078007871244,62.26270746747236
8.34831200228907,154.5464879782508
8.525044096511044,123.71874900068781
5.019583168987551,67.17659433448914
8.328301426091805,136.51166286409932
9.581850313902763,173.4523112427521
8.362992809827732,52.34584337569989
5.798740822099953,134.9348822777622
7.926684873526838,103.0779234886562
10.674153610355487,283.31162239396
8.320815820402032,72.81571497734711
8.846837343256151,183.885017672714
7.2648802942769635,98.4132034784861
7.295193364771833,214.97626743595
8.829405762980631,143.17642625461238
8.20249595226218,121.15801122365734
8.88719145645059,119.01893727529793
8.363722362603115,92.64856192763521
7.761916582965437,83.49271400248287
8.942714668642012,81.8403829405628
9.659211851038878,86.69399351709042
9.054940948894256,287.4567696223276
6.72069725341003,143.04705089214747
9.138858118645901,123.5028231272048
8.211254221199155,90.312715146828
7.669300566003579,174.15867175064446
9.731899669175574,147.7886600274276
8.013164685348839,85.47162954241792
7.4250418230862225,160.61859888842312
6.817209909686464,66.04042851873821
8.060593007162444,72.90890868712086
8.8307020995005,80.29385215405875
8.56159129143613,132.318724277044
7.1261644739042,86.14482805478643
7.869467264852742,65.9326850681357
10.594447592675913,164.72203912882554
8.273191412738836,93.67982064051584
8.259098974567427,78.24893062700974
8.951336498624956,170.3084402269153
8.693806305022276,115.73314252970886
7.87649770464288,72.21703901949873
6.951272363405676,144.5389884213499
11.685244265404705,205.32198323646512
6.353578788668143,119.30010869482516
7.69678543303045,86.73415291696188
8.955442304093609,110.16309070138747
8.432364600095903,75.00420345423628
7.573375489896429,116.99036463999391
6.338141745285532,62.9527675883036
9.363087622725494,89.77461200582493
8.716056431685878,203.51653473094916
5.127813308699727,102.14629988247015
7.988583751291808,127.66794714863009
10.134646466604918,112.51034231599935
8.131057424182785,178.6554599535836
8.27909151903042,102.9767638481196
9.021947285883789,89.83441307175165
7.890979201679936,58.911176356006
8.437166721163912,149.24722019782058
9.252390348666584,140.0146275610187
8.334139022604452,175.52922655320785
6.5826559898556445,109.30481804873402
10.025716039365042,96.1010944923923
9.355504180138007,116.35492773015316
9.398441269862582,127.2731906574765
9.168260590262614,297.5649476522026
7.576681225014329,97.46613323877577
8.382283108771523,114.04153158723221
7.195360250216063,110.39458199367779
6.747381377239659,64.56107928213487
8.43688764371045,168.00119464010203
9.086324000839694,141.59264371329238
6.997054622164322,153.39367472636752
5.53095431952171,73.79636218846915
10.723261815829877,226.2182147265814
8.373252278490659,92.24885170712795
8.250982364250065,208.4871868293416
8.553059280526156,92.14525843421137
9.73007810283126,118.03095992248184
7.605690797827102,79.12031364817861
6.717817788337929,221.1583649111047
9.202441056520486,58.15695466916932
9.35632965959867,123.61488591265268
7.688565744606635,116.3933764918602
9.384130973631407,426.77591840198914
5.917463758424916,79.98558356365541
8.220878432292979,75.94718439634842
5.874543070117557,109.239460845954
10.599859574006608,106.30971602811435
9.427807561660565,187.28558604528538
6.8062354265962055,182.91572170092167
6.896221832545789,95.69298932373636
6.4406115973917935,113.55317247502371
7.134242572070027,67.23321847951925
9.464454927038924,96.40063787460855
7.829089985268396,196.48788560188396
6.987115672095246,117.50914612354565
7.933859306880657,280.94100665228467
9.576036759339566,491.3539369169249
10.11166785615232,194.24041665711468
10.023406222748461,445.2434555645205
9.34942899246618,87.78987494105982
8.93423927343795,131.25043192546792
9.513011506849343,259.37295543187906
9.578162463573157,106.31492817807957
9.955604646936868,101.37690578682509
6.0164987625306185,110.3779205221678
7.882300799889503,140.75259042241277
9.546349632855533,36.61363045230753
7.0946401060059765,184.8868183188009
9.230099694526132,247.21349621653786
8.388425692588646,53.0624665996861
8.55339957264858,136.15061083860795
8.85306420760603,59.07495720987168
9.580939378198682,48.59550822399563
10.451388814678717,49.88213329565895
7.7712475741990765,89.60806157418749
7.566129475754463,94.19195860049793
10.156249387964149,100.08059926425
8.462508985804275,128.82653469006928
10.46894734670842,147.49481473182
8.553996316043843,96.016341762005
9.110362308981363,153.93189622404964
7.938048202360022,84.8711063850932
10.963547927719832,197.85311052280343
7.672346674386432,152.10805395004647
8.871368690711325,69.14421597296521
8.185530927050246,189.47322682573792
8.673262996277392,118.15458947692372
7.23968329062331,73.95633383995781
8.337085135117189,97.23860167631186
9.182529538768648,98.79469728776323
8.850713297720262,134.23318173514195
7.899455901052206,158.66574362299724
7.324593870962462,154.46715376166253
9.085311818064485,98.60617919980331
8.310519931401975,121.0101586529682
9.459434573231269,111.84845296836184
7.965038072417133,66.91770678742246
8.944826733435074,116.02023811961828
10.33470339918599,132.34771301595163
8.63390428098886,101.59336170813766
8.999382495099939,120.42392597909272
8.173144478390679,84.17908230478038
7.144206226586995,79.14545661962225
10.120884982574827,245.9785749158128
8.234887734534885,134.1879588625618
7.196742473114246,92.61525346145599
9.817050143670064,193.90678534549443
8.628174505180578,167.79142162570568
8.263905196953543,159.08328829989188
8.856504130289535,124.78263101784492
7.131840554511725,120.77057398752352
7.941451350824089,47.14625580918604
10.635002843874457,131.19719143058623
8.926635835117187,88.19493512729994
9.68831153679942,115.5619938165442
7.1329594118919575,112.39470059638413
6.873309411066471,193.18776021584563
7.163398643722676,138.5888831181737
8.546576552324463,140.3244802397071
8.396189970358607,156.06611205389504
8.359822993407647,160.8204893782518
10.180519948340704,98.48328063295489
7.42496548998386,143.42228961748754
7.969695996840095,96.61606113969911
5.819073368364498,209.68990641423443
9.539929630873251,194.40385322683065
8.387227495481284,133.07579395676171
5.50497116129537,78.29618090475742
7.271792517078764,156.20193135811354
8.848764146872577,96.17867633080894
7.835633398610701,117.76789579915777
8.736836522692366,212.984598857662
8.211052598865487,103.74282278576617
8.721114712301487,131.63686542780232
9.302314114448002,161.61913112124955
8.659102126347015,182.90139385483369
8.179954559832511,159.11998518135198
8.553088344941271,115.50680531987629
8.044493816901516,146.71599693257141
7.718228241273294,93.35770907336234
9.765378178033618,193.26186080719017
8.186927439915259,91.95081480367986
8.391603535048871,160.2710752296138
8.864312501018677,168.76607101920754
6.074001548280138,159.95461946556802
9.036688571191073,129.01657559120656
7.1911198546722845,172.87121567871898
6.285108653163196,96.93267359232112
6.089043966289097,159.2074033991521
8.871606226147277,40.69444564599803
8.990194499106602,204.90682262592048
8.401997095684019,87.7969519988702
8.227536684733979,127.8067914225955
8.518133196093459,164.7431797491155
8.045185948730401,55.68781520404086
8.928129620215314,115.72544658216046
8.086895644842393,72.47584181473712
9.165560764176666,149.38939496295313
9.688646239495077,135.20850904279735
10.677685385377536,189.05257747569684
9.490977061876043,167.42616243103473
7.500611671494683,73.12889718184451
9.821754822756546,207.36545013124797
8.00301668982651,96.7820685249093
8.679812777070731,112.96436981851588
8.2137052128678,112.4461479304615
9.731048235108297,94.20369289662932
8.030128348025857,414.0980330711738
4.962407344259205,167.79090401883042
9.658763714288114,127.1605887895804
6.884675997719913,51.13580422201254
8.971236193240815,141.56366367709882
9.493179672979982,79.11083012128493
8.063723528958027,130.8881440987035
6.016191677241964,90.072821361955
9.807925801158717,95.25024977747444
6.837993153587179,162.52363313812356
7.281041118405692,88.03060403592116
9.322171710186408,136.19754461712628
7.961656554870777,135.69844730131754
7.5218310474826895,91.08528239147543
9.228742686391037,423.68008102378775
8.473215889165077,86.6704769933466
5.932822917539323,120.72922723238716
8.597735351807051,113.61919422150952
7.496776843354434,70.0985509581786
9.452893914609145,205.11948262270218
8.298030856545516,85.48884842325947
8.640444437015134,120.18098966256491
6.8269690257928906,116.59471281909008
7.918262168813207,186.2507737872621
10.931640618935935,190.71805173416175
9.019555219895498,159.24047142952378
10.455847539597114,82.90477283990144
6.395104529001718,77.54484580374
8.795507862809773,98.84943992174816
7.061777380346012,104.40883203011214
7.47512210612898,122.81081485790743
8.09088872435732,41.42976160428814
9.108009237943033,321.33056519515367
7.921054333324553,145.70057819308795
8.14553078122352,68.69400264807693
8.823158206440155,451.6437543738353
9.862987934327249,122.83067083543337
9.016617635625774,176.42366329461518
7.731885794401367,77.7425290854237
8.06872853241886,101.27420573174629
8.988366302818248,129.64925707197722
7.346929657197919,211.1468838682706
7.814965989390526,96.35667985376809
7.498580724964253,169.2278727540659
9.088470676491816,76.99085744555136
7.1515045769383025,185.0715860104898
9.265058101555816,149.27361745304526
9.348797113102636,219.93163047059483
5.460589746716423,139.3918204731121
8.764070981037268,130.33792439939717
7.596633693738343,136.85329203529602
6.406356711379317,103.316473887485
8.526209441468456,76.71668558322833
6.368142485124578,129.4700368949685
6.8791119746005895,109.1378757175192
9.906052755497331,80.86404234943825
8.244234411535576,129.50898910831341
7.153598870331536,136.90507214145904
8.218691925561473,137.9198145255724
7.913643452465206,93.56331000089405
8.655678710367004,100.75726050705255
6.715787750862348,82.72099073244118
8.287945919849017,172.20284550470566
8.402600692563503,116.54247390579106
7.956029210239826,102.41646809212071
8.832820873890812,129.8704597540241
8.622431523239005,120.11609172169908
7.840468146263822,147.47019127856962
7.850730336546235,71.55923576181516
6.128434180202,146.79969855580288
8.367544901881441,513.6207111220442
8.919369667770225,380.0658473394345
9.262655491831756,116.13695422047401
6.425015027359179,93.76925739063769
9.615785570466963,196.47223135692357
9.125184208289793,306.4779202293009
8.670450159780176,31.150068004073
7.575711445007241,158.53464286244906
9.0296522445194,140.27536352275027
8.593230918058227,233.2555621343132
8.575263160016675,218.1407688836602
9.199154765159236,179.42043098946897
6.585300518288339,84.1175992505654
9.593843155493904,174.6631262374627
7.353015593750764,72.24545313264288
7.7023908777457954,56.588400654907524
12.167519639783015,180.31369794071452
9.294053404979627,251.01091265695996
8.557615774192445,87.37599398720356
8.629552835405445,122.14877871081622
7.447194867694311,82.08873502582027
7.515344530018657,96.8042067517132
7.377064056029204,155.4502791278756
8.122202455390644,150.68415382536006
8.492898587756333,123.39873702315865
9.358317926018293,403.6680504657071
8.67116388846668,55.252309456514894
7.79045516712139,88.82577241490233
8.432195551727013,181.56191173905526
9.239230138544233,91.00379843538904
10.547768624825764,130.44058634262473
7.085095520742322,102.25899862166405
7.142098047001699,121.03425827635269
8.798141925893521,112.73623706043524
7.3473247563740465,90.19304503578905
8.710880081971307,128.3166471263759
8.348195690062912,112.46818013614228
8.631767934999953,162.1667577990323
7.80438441983919,157.23381722535348
4.808190342743572,106.21538352510679
6.452958810555482,86.58659008934595
10.08076504175416,206.65076406134983
7.946257519119114,125.98648450831041
8.676047967549543,158.70613785315606
8.11093001118793,189.2367368272868
9.4895334959242,146.37496721733828
6.74447543174176,137.51615730801953
8.52299194425309,108.24560715651043
6.151446877710519,56.034675129598476
6.681254943136921,135.79279603101315
6.9133026967637194,128.74093203922217
11.146675386734557,249.7620251640344
8.874413521658253,117.75549561269577
8.034825983993551,140.19663641487313
9.228127858131216,134.57200514914507
9.405452775562827,156.28220347465347
9.11722811580234,116.78854780387056
7.948901458329486,399.02395128819865
10.920401856854484,185.59707569721107
8.784245319564914,149.29538868041726
9.126163882400236,136.41894874620442
8.514856935566215,87.52432244982712
8.017810134570508,376.72053025928
9.208294605667797,47.06421552642258
6.174377488479451,64.83832391668739
7.382902427373692,118.15786091984924
9.573841619335132,176.8387224500529
5.398380116806881,150.97424444194291
10.880982819764842,194.6539489265212
9.268023661475704,123.31866198229632
10.36565294125946,58.28086535810751
9.341960312437587,86.98523089325295
6.021218161316741,52.964350108615534
9.31568001208406,199.21511498524316
9.711683786709658,172.35974129646326
6.791982338160335,70.1503203842249
9.295484619600977,66.47090909095175
6.6392560601345165,97.23998523438765
6.7554929791743366,94.05058461241036
9.386370159270763,200.08869249023832
7.777990049346004,110.66606939196134
6.875254248122425,99.06551097660449
10.96925344264818,212.16245521848938
7.678775473228072,61.15856584390325
7.473724103931267,102.31493349300146
6.564911061981534,138.3124150775748
8.739729187188146,57.739479144594966
8.539302076396853,79.42244104652681
10.622903514129014,235.57418314278743
8.156245413343102,150.93545611016253
8.221648364810227,37.35087547034848
6.295931065010673,173.0757499762784
8.39770014926013,126.55190579400251
7.253156567647927,121.25086299276991
8.783675290921806,150.31367080216083
5.71262523748951,175.3592438363652
8.103161776555424,95.02393280601909
8.006524292735195,84.71981530238462
5.822508373081191,63.91902517686261
8.131373451046294,254.9296171760433
8.24422170652813,89.94051990842415
8.920152633840226,74.48650486750532
8.783648069241346,69.26434380957377
7.711935426344186,68.16933425965081
7.044987962234703,47.16587894791599
7.748434876417308,175.41878053557411
8.71909747096048,226.60831286982966
8.242350699342582,91.40553207524158
10.269679895215603,46.74182633148077
7.851698677199688,89.38659886219854
7.8195275622192195,130.99339420535944
9.162049043095603,454.60351169099715
7.72345969102837,105.11625294545959
5.897206434033367,94.85309060023613
7.024515225286791,88.26602403452934
9.474796170143355,65.11560813953896
5.767172134733242,69.04634633120148
10.114284289268127,107.28710712075537
7.489330054784862,64.35709566009103
7.112246408024057,195.5279434423753
8.987897334524657,183.58728495944285
8.269215133517687,87.23559569345656
6.673947920069632,128.1494676088735
8.861616802726951,89.91406527452541
8.227622062940387,118.97222845526758
5.196244906659882,109.66798723612116
5.607164763580731,161.6007070761428
9.010591684007997,160.1565483924139
7.4224150905771875,96.01617771508705
8.440108061117657,106.73191702326784
8.844385770984719,171.1694093281621
7.470878703107162,157.39247756322814
8.563212154918741,70.30888002550515
7.086553579930128,105.26432917771463
11.15225858336335,205.81024504003426
9.707763298709288,101.40070961429024
8.919677287861948,59.817773806927434
8.99253139085443,161.669900360646
7.666370688333517,114.63357909608752
7.195026418660895,141.03582294136186
9.211628563052388,98.10196763254213
7.837138280220138,120.61718647507969
7.205060095268783,94.64245489007686
7.920137944515057,158.11902598689727
8.609586864838912,189.09553282843208
8.064665892435464,96.26402117016623
7.672221042957156,138.61599919847058
9.242121183377703,207.1098498898476
7.714669705974324,96.20251462477705
9.78480739860628,171.05248521069774
8.250295268509175,193.08296921854287
5.597636019360176,113.30728991107719
8.331950728382004,82.44341077002646
7.982061777168298,52.506520954252466
7.832818436258822,95.38534070371679
8.796019256720879,384.0238745847496
7.987475881496807,79.77651545687809
8.976529750998312,451.11300089633306
9.499529867827619,37.779855467590025
7.547856862339156,108.47266957829781
8.14940369778628,51.11460880283372
10.358327418557108,131.859967743191
8.865002303789545,97.94827126551004
8.282522073925664,133.43444711245306
8.655918057440813,158.4605432678841
9.239278083616083,159.97463972579504
7.869421110262864,71.6475175493279
6.851777336225497,182.57015856746528
6.884898693587036,116.12199960638979
6.2320047487589045,152.89399305979808
11.397545563059873,193.115070065035
7.750584123617601,96.70591203283549
8.013855403530307,370.81717863301805
5.753681117572768,95.26004944515101
6.267973967801257,140.78696716238466
7.6484390138586775,87.30093458781457
8.484793168910556,110.29493389884409
8.889697691633469,533.5541197974945
8.687129498601083,122.40526011726601
7.92522988227486,101.1322403169148
10.543642768123119,194.450385548343
9.451306277940928,18.878070825734405
8.983079971201501,72.61516148652753
8.853522386063267,395.1206128192339
6.657112364885966,61.58862369188717
6.6889564960352725,98.57664918180956
6.095559477288445,126.32128167174385
9.516380689755684,162.02016978498838
7.907066309536568,112.18137905384168
9.410023157690498,115.92306502905537
5.501160881253519,157.87993350813747
7.233328226852887,98.40462057864195
7.474108079175407,88.26248177192689
8.316817573937064,155.98549296820102
7.385110214720321,78.0030757052087
8.723994376028761,50.07756903313613
8.925214010740856,141.21301503589996
7.259106551624403,76.23034756955036
8.630601386033206,67.4054537334693
8.816751043667509,169.2303719694593
9.391363884975446,71.05608685696595
6.132071583930745,80.5253629568701
9.808747416462396,229.935777942574
8.41160569598612,67.74884190612676
6.9759810512701845,109.57940948600124
8.812340067372713,87.1061946849246
9.750211798785443,260.99951794749023
6.386391925227628,110.28621913834014
7.7384763331537,52.01045843618881
7.080277236655951,128.93692237759385
7.156326259808951,117.4949649373377
7.615432400040415,210.98459022343997
9.484469077792632,61.445677346332296
7.536393955791166,145.23892208786162
6.841898719043508,69.91799653351455
6.732723098306142,160.97129272411058
8.749245202254862,226.65196007685228
8.05025096579006,62.793442378259925
7.083621110847597,62.27303139057021
9.758560169796286,166.35038977481545
9.89089511972223,396.4556478415069
7.105565952783178,206.08735544837884
6.967140307769737,190.42339038851534
7.934639305371975,106.05416755919278
6.5999365900138045,107.98267047241501
8.758135221843231,156.29683080137698
8.269516467720582,69.06373211659684
7.714433639987953,120.13461485751985
8.22030734328861,155.33112815448789
8.515924756062278,99.91337947741259
11.270025298248534,163.19789149632427
10.55389164201216,132.66933939255642
7.865986220052808,481.9857619482059
7.762555478007598,81.46968105941241
5.818576885867407,78.01405912998338
9.36985914284516,256.4744195979818
8.058812548872487,115.10203282093805
9.082695486257073,136.89296819292363
9.660341212887113,85.16047498810805
9.261410970152324,126.09371120393284
9.719139070823527,409.4921974547361
8.679860159295933,441.9478420139315
9.191374058121758,99.3655865633243
9.379166450191963,139.5327602683386
10.326045171178317,145.80457003189878
9.044406189384633,86.87052199911348
5.641883111543338,106.72109376532288
7.566151132355786,117.60531303204156
9.268374495372774,171.65146908991028
9.324613835765883,368.33117300219976
8.876023629363537,110.45075814708252
8.449399458337997,88.92763085501278
10.10777170679268,99.69403814345822
9.802181139983373,513.4469286074558
8.565903550053081,197.235099302889
8.15008945802847,67.19347041685222
5.912386487833474,129.74382401160852
9.293352931997834,115.41066818822675
8.500396053713182,115.27505730357497
7.150233391596808,176.11573304167698
8.020597698433496,117.86694998702686
8.836557406103541,154.92478028380032
9.67771180356181,72.74081940479596
8.031730531983781,155.68665735866674
8.590308768178225,162.6399564023501
8.79667414157066,200.03637020157902
6.238271088390534,102.4942755956968
8.068983239257266,102.08209117716835
7.864350037752779,51.668267911909325
11.097929520371704,78.43579524840162
7.6518318687554645,164.41536631755181
8.999985003726394,361.9444600611993
9.032203675222963,151.4365887813022
7.9661564078514955,146.1232287374119
7.25966530667988,124.39143196086201
5.765651753449589,80.10654111309044
9.268635226486829,79.51949488729231
8.299007785705589,209.30559870351402
6.506398002608153,71.90930836379944
8.848574931746462,89.96977726958738
7.987436914937817,83.18205441673958
7.62547320808707,127.3711408269345
8.681045102032469,116.7761487137824
8.730313374301929,94.58525441118816
7.258469063335457,192.68336805805117
7.620312519425839,80.67409917378836
8.369045134906377,102.9143670749495
8.240265797267515,176.18294028123444
8.240741491957062,106.0506698110832
9.715247797209793,101.12303689894293
6.600054405018424,175.39192045133598
9.07720585158778,117.26362895086416
8.573814210378838,76.02074613561305
8.363171472077656,139.39122190716708
6.1032977498528265,89.13894414675558
8.272830943634998,85.77451659990555
6.982011222577383,64.77667158533528
9.53933797454191,53.298411684158346
8.232677179519698,130.42269406829485
7.730020917256473,97.60606310091477
11.250513411285072,126.83196381261732
7.073453282436388,183.35687285210514
8.370433898159138,268.78492094908387
9.46603959672515,88.91585347647019
5.281682061276784,134.95059512210406
8.506691618465966,211.86474679529877
6.808349855930523,211.02739672846442
10.313755883313686,87.61248964881109
8.27781467472305,84.49155906648095
9.3291387208117,251.72690660624676
7.74371161806917,184.9246515747982
8.397156108074219,110.8888778812597
10.326602187210657,176.1289281381955
8.906177474000462,138.8059621603914
10.207830988038793,62.321761316509
8.091235601971093,155.33789657726402
10.47332005170797,53.8169063736509
9.77377957500883,92.44723429353779
6.803937336450838,110.03755079117666
7.634912751143856,82.85174662569703
6.221416014204137,83.45557823092264
7.552857403957168,78.92780319366649
10.040296572163124,93.60517208617014
7.012930156050615,211.05213150448367
8.259344648074473,134.05182192173592
8.534769578460692,105.19134477265008
11.645720135061948,217.19182549271503
9.763618458244514,171.31168557218018
7.351213603691338,83.11180249432313
8.952392580477458,188.846746024217
10.432262777086716,126.58329544890672
6.536528227605518,246.761537382202
8.972550975300091,63.49379557233716
7.696926176155442,99.8050692701193
7.989653236418882,158.15370389181817
8.512528072794401,137.03366618097144
9.166852455292544,243.84040943963174
6.322386485731985,139.78511913939656
7.314115430989294,395.0259621031736
10.041732911610165,72.40238160959198
8.258690246376206,91.41261359135163
4.784942137020437,132.8212275786197
8.641419232222121,100.25620542414379
7.704948077929692,84.9912033005505
8.562704273102211,63.329335499637935
6.068109857699831,134.52137986075752
8.323783685372916,62.53077411737586
7.180281304983151,136.12046581959075
8.937872510147926,189.26937682672025
8.179588254499867,101.79964249795708
10.553220942920264,72.12823999208656
8.051763173579271,146.69613366726517
9.349778379699373,295.02345214848043
8.495032268538264,180.7741626111613
6.15451644977139,123.77730252874204
6.815087881788764,119.34316857709108
8.359786868035703,78.73404668018148
8.486414327309308,385.32125785022066
5.6438408975156165,149.1473385759272
9.578521412311646,170.86685773492184
8.154365570196353,110.36271240111729
6.647885499222873,108.62331498357507
8.172832251913723,136.02820517816772
6.061779027356383,91.5690516242015
8.16703612804966,133.07731123722465
7.919567504761809,106.29210650110466
9.924202281332393,79.33494350594427
9.118640626152935,156.96259320820283
8.67765077384359,148.94283021135158
6.4003071658033175,79.24483981876008
9.555245375727386,169.67571397983102
6.3374708399792725,168.22570777877357
6.821549618969282,180.55665680791265
8.663815741255526,81.48905307084476
7.100876765557753,118.86635688209324
8.699165835542605,144.72882823319617
9.303408956617089,167.60506529522888
8.853984956906586,80.1930136929951
6.715452805350009,125.95228740596869
9.933144313270569,47.12705690070003
11.070350232362491,120.23525100409674
7.977853130321815,95.11085159043495
5.944269266472966,66.87391297117189
8.922820521059993,303.9256326027005
8.936181092761123,395.3498850566234
7.71247341588584,43.85622918759275
8.429789518170496,122.39236898583582
7.8460073465424225,87.65509660182795
6.170857556044736,128.27899678240448
8.718736575858967,136.10041810008198
7.4940174129146895,78.14595049421624
8.593687037145795,144.61497934828336
8.43998733475626,99.4910796145985
9.416598172908902,89.30568221846788
8.095380321963153,157.84864364546254
9.028514096503683,169.67117540632822
7.7565457182066355,121.27241925066922
7.9109646109215666,34.6490069012809
10.118172155281083,66.84476254306318
8.534521942150509,110.56078978992515
8.145075267996251,106.56424358501312
10.440340968466066,278.21373327702827
7.768042812681711,148.76835735275282
9.06898656881392,275.5844834697343
8.99397271099731,62.714159610298154
5.684049329069523,81.50403368954571
5.8273662683971805,157.2482436901577
7.197317068425557,66.0275180912698
8.61288179367949,120.49585145127413
7.939102910722021,68.77682195561897
8.889749113501432,171.62426755315653
5.6283384518624135,163.0246576079714
8.556720137604772,414.5202073704969
9.717442043499288,200.7988687227554
8.292766389525992,135.74918816879494
10.283293086638768,195.65348275105202
8.26806939684199,98.26425842649904
8.404700480877361,140.19685482077094
9.508057515544415,108.28017201887478
9.182731623167793,126.83089133791168
9.18418163530151,110.01903540956938
8.637022659876102,99.12005462039149
8.702787227506295,136.38386091818046
10.511914119924793,200.93046983377312
9.286767537344014,445.6600989324656
6.3817957099799845,207.6249800952784
9.203066837897873,148.76618615697814
8.248792080112972,88.57629702078133
9.461657911284146,50.59555578772596
8.798961535608216,152.79239499122468
8.321360756011686,113.9121798291082
8.532110012178372,113.58346169827743
9.073213120947177,104.51785560541158
7.859783296468519,77.71969119422442
8.121921147487809,170.41279780510018
4.969773645293161,99.17951635389126
7.739190847630504,120.4877636450635
8.106647078939242,104.69223335581152
10.8451312299069,60.31719206086382
7.459739532978767,62.33756217316318
8.690813140896715,173.49186767603737
8.595914928863749,58.29314191881196
8.304316370307598,59.64058272944461
10.677875559874831,219.2115123623776
8.863033185670147,54.74863713062486
6.471128432178747,83.3016820002561
8.000890635399061,163.16396297725163
8.550258549158048,193.89786312050438
7.890872678718803,144.73133211081645
7.570796253321545,38.431318817168034
6.955000373906201,120.01233870051344
8.552582936632062,78.41882234843528
7.762718038225293,83.02736541215062
7.458611748388125,71.46853634739874
9.087387172396669,182.9410893419131
5.501028891211464,149.93298334884187
7.793983996147236,161.53580795997115
8.465323700556848,72.1762641956783
6.93819316189747,208.87289656809696
8.832853692962479,174.74755093077943
8.336399995499361,116.11781137209444
6.413547868766928,116.09818314222638
6.452039313833527,161.411806282394
7.795730332948129,87.10684284919981
9.141672513382886,116.35919138516009
7.30333633151176,90.43315910896042
10.099989812787829,271.42698375882486
7.443661237381033,158.24640248586996
9.74891827023701,165.20922459068666
10.487888035572098,195.6644649411604
8.09079633711614,114.35017101543647
8.135740003977503,120.0341029092234
8.878161859209888,227.8640178112233
8.028951565946134,143.90595296939952
5.799477427275683,62.493171165931166
9.906717394160774,177.14685571510216
8.765650212660722,76.56958504851634
8.178991143285266,148.42845076648544
8.77159823284283,117.41510284536442
7.841171285957204,81.3461327710138
7.931762949558751,176.0670140678954
7.310265161623348,119.44778483939757
9.779238000406613,195.95404181595276
7.748174981926162,54.774845505532106
7.103330053485818,102.72863751749416
7.7902914717564435,140.4187965097719
8.193244319092564,92.71231725229424
8.653679252823544,117.47809689808413
7.333533511968795,69.42166574924832
7.713824938369193,85.45164092185209
8.400925285369734,135.4982233898219
9.429013089474738,134.10671656833492
8.466792091524617,124.87236612622658
6.159296584050376,108.01929154599779
8.658565423201278,125.83362203864552
9.820708484233242,168.3530208962134
7.478098950392806,95.48009820347623
8.896455049265779,172.3064238458832
9.450332705380657,161.1800549907141
8.420630737255884,90.90676428514385
8.283022713542383,98.37042486871435
8.289848778985796,82.60928568396184
10.02131394223549,133.1667242907593
8.57295523746345,366.407077299055
9.325120942270294,144.2142184099718
9.016053138324253,100.90175243925688
8.671958220645767,114.23716593382431
8.993854219828512,167.72551164796562
6.803302657249224,76.78465075517764
7.511979272085536,106.98656720259613
6.920251750098046,131.4487049682696
7.800370697872717,119.52505743211006
8.917042251638321,213.33566064422848
8.186159633158235,175.78663052912248
8.463922160987376,115.16526827154922
6.843955501947943,65.84240311139625
7.647708422908863,132.45730017910572
9.17301991845893,323.3521549765444
7.547599506195677,123.6791532019351
9.711417142870989,62.9174668048405
7.330841355290197,85.46655609557263
5.1294146093629065,83.35698191475221
6.0277825388576565,178.50921021953965
9.624030390574543,59.59204064885783
8.675001563892932,94.09064424449798
8.099312240119563,186.05373709017175
8.287646965054424,77.06660177794437
6.821532786285267,86.35298599293378
7.341684331988791,84.57530988159233
8.276153146091104,136.28605560092115
9.474147474960514,84.95072666811821
9.023088061792304,57.677554946976464
9.507947374561873,221.6214406753631
8.393780227648548,66.49946144402739
7.449039766228743,144.82885509276747
9.851159349297467,246.98325562179352
8.25945342565485,121.31296029854904
7.2221819967909635,129.81039473729572
8.42090142514343,122.80537663695878
9.822269323088793,110.64195824709174
9.794568549007169,99.56042575567814
6.1085544097798135,124.58822156908501
5.844753358793772,151.55244728949117
6.824611037697634,106.38484829738243
8.232411451942838,96.2682229411098
7.80040458376308,129.30891157124728
8.773716196914163,154.0148285828001
9.301185158162603,120.92698991650036
9.445495647979751,150.70177396976186
8.11776046249222,84.98247349045761
10.618732192990802,144.78735087030805
9.41951653498241,226.3824210537294
9.81071972972892,168.99561131205255
6.970956334047954,136.91327338930344
8.331482386718372,59.50277774103826
7.053571582194405,61.5041237854425
7.131922708440003,139.6697947674117
6.7415623985421504,82.51849994619448
8.451165078053467,391.2235167725209
7.518955453721509,163.99898727165746
7.105587065060298,137.62633448888243
8.61928502007182,93.75569701244473
7.785704685667799,128.01100880377413
7.899568489318956,79.80902761578324
9.117468207219527,133.65944745413375
8.262487814779327,156.7429248831176
8.001361993039342,185.2465148921623
9.255991048673279,183.49734105986357
7.998723461478367,151.6005693385807
8.326708117838388,121.89443965208677
10.523655744166586,202.8641485256866
7.959990342820919,82.10598216395651
7.1401434119385145,67.43454868319193
9.910039342639212,33.85822064760151
8.480222994556662,183.08312831106747
8.024495422837568,45.39836679691164
8.679770071759869,123.31022422504243
8.592301987536246,110.75261256044331
9.330664460764947,190.05619946408368
8.731663162138068,100.50996780114114
4.601543114867742,85.32317556317628
6.693314256717576,102.8931502347122
6.769886377084062,122.47151856698693
6.1177718652752455,76.68388268447575
10.991795443275409,242.11026073130532
7.983547210596273,63.37622950997996
9.583473559588194,124.67081625695923
9.660900531600923,121.95045395635677
8.198765969074833,147.3111387658941
9.72833177790374,155.83838493422434
9.469102752346387,114.558068213609
8.871352556354955,192.6172637522208
8.033738451905396,211.6433129931532
8.41417939309664,48.22999304141474
8.337883897775225,169.0567225747778
7.846685980872679,135.4864189564884
7.394479916459463,125.18140525011101
6.995011248375372,121.39249789463072
8.19516346829903,404.1176449220568
8.98618684295284,162.15183253873772
8.358268452606406,92.1873869541017
6.161867501155747,86.20529569196098
8.36094795864174,120.0750257469802
9.00221697149415,83.40614125015853
9.468037807681766,126.93659661701444
8.043469174979021,350.4436783163739
7.634041526883992,74.96564891564479
7.524610381085306,157.96516123874676
8.651968271713383,140.44473637541154
8.48903997436591,67.9096014264086
7.001347295006242,88.83225895299441
8.23949463013513,113.7478407438362
7.722852654889749,82.4662235971823
6.78610203400986,78.23485876354891
5.720744579230884,196.10068870174663
8.800391477077623,125.35043278130692
9.52394549482486,101.87480474903772
7.605459512695885,90.02385172310689
7.733689994952606,120.54312375959296
6.647688088433234,123.00045804165389
9.430413323269024,197.28044621299546
7.808812100189196,117.86866929987295
10.215514389927096,444.3014820186131
5.39624776956154,152.32730503371124
7.8598069043808785,199.27845964792957
9.821616053334829,156.56900527550087
8.460054546285312,125.99295146121477
7.521307244582663,119.16346624101548
9.429784743821438,190.50499673282468
7.938562696888219,144.16133325871382
9.18440201544114,80.6432632019433
9.388006732402507,69.76464048989784
7.148058213142995,204.55770879597944
8.127692673240661,198.25892906410343
7.719155993308742,111.62600600432322
8.810419342609318,210.27844162125493
9.682766498117532,127.45060975955134
8.862985110967701,161.2355075316044
9.399890452258367,122.24508088121752
9.460409733487056,208.44900677350898
6.4900007303118565,185.07507412227432
7.8781752441754636,80.77291210205196
5.889079064320406,146.8145749594919
8.596643744740154,91.85147108646616
9.40599576362712,123.60742191872427
8.450903144629589,54.127467882823716
6.083271887241512,131.02788895347766
7.1983954866187805,115.17428085775668
8.495458863852376,61.54626838412348
7.705563966753192,151.44078056596987
7.866371240896157,129.97868943779235
7.937185830542315,221.58737876626304
7.5818431275140306,133.48196233342304
8.877309063948168,49.145467531603956
9.256601262183835,94.94190196429152
8.484527805978798,64.8326996444551
10.722707403259703,64.88756634839618
8.240069520143232,143.7426108454869
8.41669610804011,162.14155312468012
8.40259310536353,129.44180029175857
9.089382598039055,103.46267863647448
9.284251105063404,82.84725219769284
7.998354841937207,165.93311803726763
9.450743099692948,105.02629342486188
5.737519316914728,174.79225192744076
7.940880578686833,78.27729977491549
8.003709131103886,161.78685891519703
7.447951338018474,94.47452351837774
9.386625581586634,86.17493914433796
8.395833959929256,102.17820483925414
6.971343253282921,73.13201888565838
10.285174590057606,223.53577227911273
9.393452377544332,406.13599731995566
7.364440893234963,60.478357555484855
5.501534120482547,184.0803657977666
7.785518301000397,244.05095367928195
8.280110937170686,72.74412882309588
7.973470771879517,64.98696745550035
8.43464120719549,184.98822122797677
6.940755169291705,144.1863673758937
7.884246812514259,151.68269906295333
8.46615349376673,220.19314641846282
8.661337867513753,163.02841202140155
8.470710895433715,121.73664520790541
9.179438503590026,151.18441891342619
6.20277534807766,213.97910234388542
8.95520761343633,391.8304769608808
9.062559156550769,88.10994306670361
7.921271617290075,51.97393273561128
6.669878938169353,172.30164899558426
6.158275162866008,72.5641256337422
7.450825286683347,119.2188882587405
9.004670355483569,188.65210956320038
8.889685659263609,409.98794158684785
8.842644336364156,122.59338941006375
7.380861988485202,198.87143863281904
5.9178899105456,39.82765123741082
8.342743199049448,114.47173971919564
7.956947361263814,168.85231042216776
8.814643435593878,149.31371320915957
9.101805090748153,124.01098843367106
9.669872383123813,151.45476042558002
8.959507085971232,116.85976273569412
6.9229049279999995,133.08990029913687
10.545902660069922,138.3726471738241
9.79018340313474,108.82244489719076
4.203042090764057,127.89784983690592
8.417084461311031,141.18960068891354
8.326454105839241,210.12645176718263
7.573498312072601,93.1961743599748
8.694289858273025,221.7470659819948
8.65027611859313,141.44346932676288
8.426834480912456,348.34744416786316
8.493423762430583,111.12280613132158
7.180790636476653,81.7262404529627
7.699980057723564,100.11931694318191
7.5422975010931745,127.24373587931387
12.116954160575485,178.5889065190329
9.5789620196025,150.26947837145457
8.42663270700027,61.93453360853878
9.239025858869068,118.92287656059851
7.016406331445763,41.71631237513135
10.521492017850317,155.36403398925876
8.549793485510186,53.36471159446861
8.240412784395437,80.20955387646481
7.757297311531914,475.9454025729841
6.663298675780762,91.47154761695896
7.09472616140883,123.81287634477616
8.28666038099112,99.69982439807607
7.794341209954459,102.51761696628374
8.147287001201494,81.79403692320695
7.149465673839492,116.01964151655764
9.920850170731775,40.63622184811871
8.210726491050893,188.2451568145893
6.641781218353182,79.8474177192737
8.005037767929798,71.97848182536276
5.649597858469668,94.13431303841696
8.328778588240038,87.59475268865738
8.16809260321309,50.92739407411541
8.317917653552247,155.14625056237622
7.165329470468737,122.56128594419658
8.860224712412666,376.09342684814766
8.249296343311554,46.93183353981146
7.294879184553879,107.9064340082442
6.97681912101822,73.93435885694228
7.780647746593008,145.51310156464572
6.180915952262312,126.65966809017168
7.653761398559776,95.2881760452592
8.572335007077108,129.37306203730049
7.653727917744108,87.43571383956308
8.579716311873316,40.126261972058224
7.2927014279830225,189.69739022730442
7.994476383962041,83.30871023852926
10.001642034848976,104.20527682628028
9.164583774748687,115.66612777977758
8.936342266025825,148.42874124771302
8.223227470901664,138.8811824212323
6.718153999040486,130.59656333234443
8.366287773940421,148.20764002781146
8.128984551337576,86.60783805912918
6.031580773303003,122.04469216798763
9.20197132115184,71.3893774683862
7.106417226409397,115.3267714921912
8.545163916811381,146.06394655283628
8.554481097856193,49.15800705469446
8.503762694635501,208.21508516842502
8.148830221249888,77.11246091812093
9.034231897024501,56.774253181853425
7.922689080089238,123.06879974796264
7.3942204366742095,104.90245292317266
9.11725555209295,130.17783538107557
8.57723415618702,130.57916052925702
7.785338684952464,46.056561767391116
7.63209144448485,86.88666001483652
5.266647289189293,186.5567514059321
9.458846479204377,134.82100156330816
8.757771765402094,66.69758609677103
7.280905266767635,85.00947000880697
8.148063293968143,155.154257368111
8.618722255000787,179.92595786196117
8.040242545634507,135.12398743913457
8.54254041321959,133.49365176068554
5.3767912502165105,140.25754784314975
9.211369775342368,222.60652261380443
8.276304522816535,131.84445112752934
4.984687806520548,86.82256837105507
11.547041980618534,216.53080389469932
7.970957002218831,101.74658425289593
8.57236402090217,99.73271391937188
7.090344379999091,152.32575746654334
9.868578081501068,403.8295991162992
7.360767060073197,101.48182225753892
9.187295389432373,104.71244149600844
6.988548084000206,101.77730558100288
8.898162286121432,155.9470734688499
8.441576157071534,112.52014283396822
9.445320445348283,172.7191732541919
9.838681692861735,121.69929414171473
7.771414559208326,132.70897896530778
8.785116524574963,75.78083232567471
8.380877027122542,423.2656722215149
8.662387416449867,166.89764224798427
7.719374706493213,112.3613960921229
9.166308263164707,99.0491070763958
7.532806651009384,151.53188365447932
9.718682165915308,230.3255358460648
6.3232424970691765,82.3137769233658
9.451184892546015,197.36790409174228
9.56939576173651,57.25952273056569
7.882286105147573,72.77585990643459
8.841623446513902,93.29214405930784
8.222319409982976,456.7833553497245
8.005005633672319,90.80573641655756
10.114337156350377,90.37586113014058
8.9353846194815,140.44640588707472
7.667722655781881,102.86780798120485
7.692942593393933,68.12177804043648
5.6966568287832136,47.798656114074404
7.736855358415147,174.87449148326976
8.846089140636384,116.2108147149654
6.405143257072773,104.03244450289247
9.032449048257613,245.19033452390812
4.767387720508917,75.01260545870102
9.079527755904644,75.9582472724566
9.553474824155217,99.27283556416157
8.125095090817412,95.52923318999387
6.31234909903983,133.69278633167102
6.525229095821398,101.68605174561287
5.474893496891442,128.6917581762333
7.84840116612608,131.85657463077706
7.763332559266299,186.93602361410717
5.858215801343276,163.26457787782644
8.586175577610621,93.4031022558939
6.3270425739726,186.51536801651883
6.030991580533834,166.44521984721194
8.16135422581935,138.7134295733259
5.805238962357963,169.6159411511769
6.807836275107354,121.10308234476028
8.527112089143538,148.12806387016502
9.144404225272183,456.65472918302765
8.21241291776934,114.90117268935604
8.806583328584592,120.77671054921606
8.063010062528859,172.4654826910033
9.468946973993225,161.02674255702132
6.936374287755847,173.61895117548053
4.951654872700462,165.10314358453732
9.252062692872824,72.76056905568888
10.129064397251641,464.54505956253195
8.55437789177174,66.96499024045832
8.056816727211359,154.96900056063066
9.700058446702174,156.6310046887499
7.397537295490582,113.43489744245977
8.248788731228485,89.04311792755095
9.370916844437687,206.73499770696515
9.213457004922473,152.26729601867947
6.647265395889676,103.25724636607106
7.337589918201335,125.54177618486881
8.883926008176523,107.30158628154064
8.986660679645281,104.96496179976393
7.8514582688530625,196.87698884140397
7.7438675545963225,136.52278882345342
10.942678500846641,160.46443537310824
7.86786763130045,115.10877371764471
8.542480249950486,165.7283798723471
6.823909522943508,130.76859380601206
9.290039216755986,235.01132933561178
7.581280690652491,102.33525899486321
8.265807368139708,236.6380946951611
9.209654083931786,247.92702553541613
9.957378382233488,128.75535603819623
7.77534332727324,140.26283484881898
10.32836295626356,235.0171233000911
10.237008937900818,81.19239048270809
9.744862406796193,246.75480938024282
10.427359771048957,102.8032259694208
7.638977033663712,102.37301336480431
6.429634442599143,132.56314259250888
7.935941146767332,134.0218949825242
10.504367411552792,111.16051012060356
8.706677302543303,144.85048213578284
8.975270469713816,126.6057477058766
8.43933201006025,46.749368553772975
9.15774020163314,370.76751219731835
8.647864751737929,94.236187683734
8.246898755479348,121.89586700011871
8.958133168741911,122.70244178762594
9.688769951412498,165.57122116430503
8.993221414086593,164.2063152824185
8.401038811383174,203.88886175502526
8.391961577243825,189.3793865514788
6.771279143414373,145.54326465705952
8.575716500324862,103.98894338494377
8.644988511982081,86.93126862684136
7.478189179277508,152.85203951282386
9.335280463032358,86.22090267759016
8.957533978354943,72.52579775413095
7.495815823709908,367.054432764246
9.556686194870093,138.268536852073
9.121216880230604,381.29938697083253
5.769109961747806,85.31463527263581
8.371292438396798,156.72873594650468
9.372069143459637,459.5322070592913
8.267097186467675,87.86233969380665
8.595703613412129,79.02017284609838
8.837501688063833,193.51792015605213
7.826414518444603,45.94890070152668
7.261176623654303,183.70082008166736
7.4330329005852604,71.37912692865854
8.395492406696006,111.19276676685402
8.40318277191351,181.65805590323168
8.957598117198623,140.79680239144594
8.72055362251852,128.93808323550147
9.68994681121202,367.2735419819485
9.316117773809511,196.2684007702156
8.754080905295831,141.08355761169472
9.327342601998948,206.05672333070686
6.642318321927908,105.70944686607984
5.774387883402006,82.25366803007495
7.401723933544731,149.04211071383702
7.517333434774292,58.513396871032114
7.405893468495716,90.04244507566862
8.634542244181501,93.49106991006686
7.622478122949464,103.52409240749951
8.8079314909588,87.33974870139977
8.592865106993798,47.86794477123624
7.859093114953159,162.23611180665904
7.135677420758749,161.12708570432244
7.849945273465829,110.73504425244484
6.3722330807675975,55.64461740958853
8.086435671487086,165.69919584288343
7.702016878628191,136.05507939372532
7.709773648607813,126.99334007485108
7.1318353374281624,46.53934939129756
7.1075730121492775,184.13790666694825
6.956328281820137,165.18507681539944
8.174486718483312,134.70311778250343
9.084272667708364,85.50301166398377
7.958728791952571,160.36413314557282
8.463361816188165,89.7644816979917
9.093449553796935,224.32021578328437
9.611744992506779,211.77286982108345
5.212995358696603,101.1928768199828
8.763956872224055,129.92503462533506
8.344505498647184,76.06326600694358
8.559210586343276,88.04319189405402
8.667489532077099,73.35707669145089
8.668307394018896,159.139688733639
5.107806928639838,123.40802142057731
7.418753791691219,150.38617083694902
9.67660044226658,177.93302052214096
8.868035793846934,156.33920929218988
8.058262220298735,71.42654263225569
8.489655610494502,192.38122490525018
7.504538864423218,79.24197466887439
8.926353606997399,180.97174533632756
7.0146829976266005,97.26136549941994
8.15803160827936,74.98645775048014
7.579026990910293,72.26463042051698
7.007574902011062,62.8296661775515
8.014769320544637,214.54895177250847
8.027201134680002,97.95294828271562
9.626498364312646,198.69612262453117
8.186265716032295,124.59387096704836
8.766376746818722,146.49704001785432
9.100833633987746,145.23045155451868
9.166524318987822,133.21474850680576
8.693266098714227,229.1004683684694
9.927219576615766,144.5094946512881
8.784195534547633,170.2173840403351
9.053672975629803,137.63494256346476
11.543460368504961,175.88714055324314
5.132841477946776,85.38674435590157
7.592144929585282,153.68362429556774
10.145422625579569,407.5778808558024
8.100991200062031,105.7307941748304
9.061867965285275,140.62024809726822
8.531261723360421,105.80343197687523
9.184699962604329,106.4611431145985
9.232885366686027,96.83830914153404
9.797186617301028,117.62904160381656
7.880516828391082,66.696920598204
7.21241228329965,95.06782444012971
7.84758308200011,133.86013359577436
8.789807652502779,80.88001232643036
9.881617790198383,184.93317299338426
9.343691551892688,120.68433223665205
6.4829683302053525,75.28020617497522
9.25500967177219,145.1487136295589
7.328310407007546,75.16515875089895
9.228168546039939,180.29323182200906
9.378825646935457,124.1717555708313
8.727925726575203,415.47906410606134
9.284312137139732,158.21499035798115
6.3575057716578405,126.97196255334462
9.5502433622185,238.71463604529876
9.011221596022233,212.41222440870885
7.360928950589432,117.74414904117685
8.443494649193884,140.54816923593674
10.090410823035675,99.16394889250702
8.37900548752001,258.4842820494377
9.074854421231839,293.3477593435781
8.052673351806886,54.947177878884325
9.160846672598256,82.62810404284922
8.857514010421545,150.20591585230397
7.84746096882182,130.65542777929664
7.7631980316762945,138.70956424126237
9.807862072334547,153.2598239599704
8.289816556783746,73.70976739206823
8.89289068247115,183.28707659744651
6.707279072566568,130.1518513854306
7.695132213037523,137.96232371735368
9.875414956933232,83.08030290956894
7.1567292386209775,159.60102639981454
9.266016668004331,470.0917299734338
7.98532528626497,141.77967791400133
8.82643232056603,77.93486796252955
9.423243205444061,106.736278849527
7.1443119069470775,76.28330011278494
9.152260062017977,121.4850068767724
6.168614805020418,196.97641131177326
8.314912561969093,101.99158326815477
7.98945814732934,73.52475826593121
7.4415770603190765,47.233430068025406
6.0829486429148725,95.283589442952
8.462513573590755,192.33805337674355
10.518726120339249,143.49215475314614
8.959416199736953,139.9271393075448
9.530251876056457,129.40425451233298
7.966914985038471,81.91655923554403
7.9410210872521585,103.07325499834906
8.134849032371188,69.87942924257733
7.071687709462032,54.193312533758295
9.482957478044947,218.31367647537084
6.2006704339878445,168.0933087589641
8.649362266687548,124.73728623451538
6.892246085980425,94.85833147246288
9.457753183074646,85.42674275848117
8.775793299151191,121.09978581930945
9.622250836365986,143.41598671952576
8.754588037499431,83.3783057078172
6.005296105674969,156.62375189906876
8.426290075453393,49.42764622061291
9.414950038213926,144.47619472785715
7.3902772904946685,127.63097136374408
7.603573327120693,101.69671178063982
9.124950261392755,146.0599797624628
8.681637803276471,133.90232446173047
7.258462339084886,57.16338960431223
8.576026098517728,112.20223444256986
7.939615528806565,141.1629892481831
9.256678517108929,140.173902760839
8.004374374494361,73.86377227869403
9.185019286212725,134.24040664316936
7.784502913694353,166.58233107659856
6.545628644893865,149.98592130758817
6.783156603360424,64.88665381065472
9.078868894360168,171.01929808081658
7.631235637892789,175.23751036025016
10.91799383451597,165.08127453753738
5.847637364770281,50.84703391577953
6.309748766552457,142.76994246025498
7.761831437509513,109.28649878102962
6.551201461805987,140.74415567632184
7.676302103105147,107.03456610834236
6.216769678530445,94.879138947485
9.109063230745706,97.84300726792908
9.79435508014896,84.60584209177989
7.127420961772742,115.7462013711677
8.154124571156393,57.75198137038019
7.501734731793642,114.18881403900738
8.04535770191723,149.72560879090494
6.949887452068782,119.1311674632606
8.914155041730512,152.62673225036264
7.81014713812954,69.43022985268385
8.192398800828558,121.95588554370687
6.526411402271997,167.24751198968082
8.717053771452152,104.1502285886747
8.245293645436075,103.12317760205644
8.855977613480995,139.85862503591653
10.29230376629474,258.46005296313143
7.94335998958945,120.11889591421179
7.673643163712167,50.48820319497179
8.091367093486094,77.29773712049743
7.098593222183169,57.889318345439605
5.840382972466051,150.2421067767429
10.572728529944355,154.81265643201928
7.968452644745914,108.47408373838564
9.318372455417212,134.14340962173904
7.378140482466168,218.3128106399813
9.035623444890902,221.84658333836367
8.215928602183594,141.74833790436185
8.077862106096951,101.56716481607464
7.754257994399947,129.6717657676717
8.005730792080236,124.39470632032665
7.397288258530319,122.35648241449007
8.69430564482193,154.36833844494302
8.134614050971273,83.80898138908942
9.170517252959133,191.89764219201984
7.880951913933762,123.72742839464085
7.698103329561245,110.23239636159072
8.527144406671617,191.30826254880856
8.212422197554684,94.20295321115637
9.208541528038324,102.03610991203838
9.026709855159105,95.59545631893265
10.801118438297458,194.45009250253673
9.750662855824636,128.50883737145122
8.019083749921448,94.79035722713913
9.426231975965642,75.20652099983738
7.247465480202236,79.47013405876629
8.236375057804091,154.02812935288392
8.602489744727325,201.83445908874046
10.295797818659377,115.53413393996092
6.670435107603657,139.32305271013792
9.46500335588084,147.1288508286399
9.734889359798157,51.433094289254335
7.72641050614434,162.54917188943782
9.684012628578783,66.8894593097999
8.635268084358508,137.43777966683342
7.930960927748715,79.62584993626143
8.409153828287504,126.61203447925804
6.4273317849996925,48.47159706308423
11.808184755839227,128.81693578514418
9.429195471932337,119.34695210719579
5.4489169891090725,155.49598333023297
8.034895630072679,91.69131464277218
7.514371066049732,193.73655852021847
10.998575032550685,258.109926005432
8.05025523117772,169.5514032469191
6.397943076456825,105.67799989285588
9.074537812600257,85.8212061991322
9.68506424709723,120.24002285697377
8.671888098658112,83.14805970333
6.807993908112852,126.02717974734772
8.154195767055416,127.89795377113195
7.379457259654266,161.88047316947322
7.592877935576628,148.60822590926998
7.63554767595676,174.12708244547488
8.963914318859947,106.16331580328587
8.77079137058503,152.89896203878038
8.841898833442611,104.40184860094143
8.11909591718726,106.0235421022857
11.016973668501187,200.22772268902563
7.989109217251886,92.41384503553564
6.901726369717243,96.91955583592005
9.88323445437566,494.674128926528
7.1884645290511395,166.03966117588803
9.57782695665228,273.51083145811316
7.237956173193908,187.9107998682053
9.008770726443831,116.38571643029448
9.017572485555725,124.86201888315972
9.886772592021833,67.54737852414716
7.529092047245762,94.82660061296663
6.287743682118872,76.10222353416431
6.510627625031483,92.41515446265835
8.724672794621918,109.0592298917758
9.54214161444035,69.87242883595319
9.002429965912205,174.17094416832882
7.117234800167817,161.04097763156855
10.027579681738619,79.14814930648491
7.993587134252995,145.54945782570502
8.26474348781729,126.04903774366029
7.338857866260098,164.89280217344054
8.981043312482516,117.03544088180712
8.745430532253103,62.4174551086823
9.089492612148645,452.3068807355794
7.878011851549322,109.73756123780306
9.221983834100069,128.49644805972778
9.764825553952377,47.657547048827155
