"time","global_population","trialnum"
1750,NA,1
1751,NA,1
1752,NA,1
1753,NA,1
1754,NA,1
1755,NA,1
1756,NA,1
1757,NA,1
1758,NA,1
1759,NA,1
1760,NA,1
1761,NA,1
1762,NA,1
1763,NA,1
1764,NA,1
1765,NA,1
1766,NA,1
1767,NA,1
1768,NA,1
1769,NA,1
1770,NA,1
1771,NA,1
1772,NA,1
1773,NA,1
1774,NA,1
1775,NA,1
1776,NA,1
1777,NA,1
1778,NA,1
1779,NA,1
1780,NA,1
1781,NA,1
1782,NA,1
1783,NA,1
1784,NA,1
1785,NA,1
1786,NA,1
1787,NA,1
1788,NA,1
1789,NA,1
1790,NA,1
1791,NA,1
1792,NA,1
1793,NA,1
1794,NA,1
1795,NA,1
1796,NA,1
1797,NA,1
1798,NA,1
1799,NA,1
1800,NA,1
1801,NA,1
1802,NA,1
1803,NA,1
1804,NA,1
1805,NA,1
1806,NA,1
1807,NA,1
1808,NA,1
1809,NA,1
1810,NA,1
1811,NA,1
1812,NA,1
1813,NA,1
1814,NA,1
1815,NA,1
1816,NA,1
1817,NA,1
1818,NA,1
1819,NA,1
1820,NA,1
1821,NA,1
1822,NA,1
1823,NA,1
1824,NA,1
1825,NA,1
1826,NA,1
1827,NA,1
1828,NA,1
1829,NA,1
1830,NA,1
1831,NA,1
1832,NA,1
1833,NA,1
1834,NA,1
1835,NA,1
1836,NA,1
1837,NA,1
1838,NA,1
1839,NA,1
1840,NA,1
1841,NA,1
1842,NA,1
1843,NA,1
1844,NA,1
1845,NA,1
1846,NA,1
1847,NA,1
1848,NA,1
1849,NA,1
1850,NA,1
1851,NA,1
1852,NA,1
1853,NA,1
1854,NA,1
1855,NA,1
1856,NA,1
1857,NA,1
1858,NA,1
1859,NA,1
1860,NA,1
1861,NA,1
1862,NA,1
1863,NA,1
1864,NA,1
1865,NA,1
1866,NA,1
1867,NA,1
1868,NA,1
1869,NA,1
1870,NA,1
1871,NA,1
1872,NA,1
1873,NA,1
1874,NA,1
1875,NA,1
1876,NA,1
1877,NA,1
1878,NA,1
1879,NA,1
1880,NA,1
1881,NA,1
1882,NA,1
1883,NA,1
1884,NA,1
1885,NA,1
1886,NA,1
1887,NA,1
1888,NA,1
1889,NA,1
1890,NA,1
1891,NA,1
1892,NA,1
1893,NA,1
1894,NA,1
1895,NA,1
1896,NA,1
1897,NA,1
1898,NA,1
1899,NA,1
1900,NA,1
1901,NA,1
1902,NA,1
1903,NA,1
1904,NA,1
1905,NA,1
1906,NA,1
1907,NA,1
1908,NA,1
1909,NA,1
1910,NA,1
1911,NA,1
1912,NA,1
1913,NA,1
1914,NA,1
1915,NA,1
1916,NA,1
1917,NA,1
1918,NA,1
1919,NA,1
1920,NA,1
1921,NA,1
1922,NA,1
1923,NA,1
1924,NA,1
1925,NA,1
1926,NA,1
1927,NA,1
1928,NA,1
1929,NA,1
1930,NA,1
1931,NA,1
1932,NA,1
1933,NA,1
1934,NA,1
1935,NA,1
1936,NA,1
1937,NA,1
1938,NA,1
1939,NA,1
1940,NA,1
1941,NA,1
1942,NA,1
1943,NA,1
1944,NA,1
1945,NA,1
1946,NA,1
1947,NA,1
1948,NA,1
1949,NA,1
1950,NA,1
1951,NA,1
1952,NA,1
1953,NA,1
1954,NA,1
1955,NA,1
1956,NA,1
1957,NA,1
1958,NA,1
1959,NA,1
1960,NA,1
1961,NA,1
1962,NA,1
1963,NA,1
1964,NA,1
1965,NA,1
1966,NA,1
1967,NA,1
1968,NA,1
1969,NA,1
1970,NA,1
1971,NA,1
1972,NA,1
1973,NA,1
1974,NA,1
1975,NA,1
1976,NA,1
1977,NA,1
1978,NA,1
1979,NA,1
1980,NA,1
1981,NA,1
1982,NA,1
1983,NA,1
1984,NA,1
1985,NA,1
1986,NA,1
1987,NA,1
1988,NA,1
1989,NA,1
1990,NA,1
1991,NA,1
1992,NA,1
1993,NA,1
1994,NA,1
1995,NA,1
1996,NA,1
1997,NA,1
1998,NA,1
1999,NA,1
2000,NA,1
2001,NA,1
2002,NA,1
2003,NA,1
2004,NA,1
2005,NA,1
2006,NA,1
2007,NA,1
2008,NA,1
2009,NA,1
2010,NA,1
2011,NA,1
2012,NA,1
2013,NA,1
2014,NA,1
2015,NA,1
2016,NA,1
2017,NA,1
2018,NA,1
2019,NA,1
2020,7752.698916000001,1
2021,7824.819727069249,1
2022,7898.201229012256,1
2023,7972.869932451743,1
2024,8048.853031146767,1
2025,8126.17842107634,1
2026,8197.356324210103,1
2027,8269.844110867569,1
2028,8343.67316205322,1
2029,8418.87596284944,1
2030,8495.486154736866,1
2031,8555.672514993345,1
2032,8616.979580117939,1
2033,8679.43159520064,1
2034,8743.053492392164,1
2035,8807.870914783778,1
2036,8865.589335994655,1
2037,8924.3299033891,1
2038,8984.111517125473,1
2039,9044.953524330533,1
2040,9106.87573070647,1
2041,9156.096625963844,1
2042,9206.271118858249,1
2043,9257.417443086155,1
2044,9309.554342137508,1
2045,9362.701086752082,1
2046,9408.958274032413,1
2047,9456.198474848472,1
2048,9504.440566827492,1
2049,9553.703933250434,1
2050,9604.008477320212,1
2051,9644.501920624005,1
2052,9685.896089035119,1
2053,9728.20545010586,1
2054,9771.444801859061,1
2055,9815.629280061605,1
2056,9848.680909835672,1
2057,9882.575201200036,1
2058,9917.32478938628,1
2059,9952.942605754797,1
2060,9989.44188404755,1
2061,10007.458821040946,1
2062,10026.408892704878,1
2063,10046.307463713096,1
2064,10067.170348898857,1
2065,10089.013825215347,1
2066,10100.843893974936,1
2067,10113.27270517537,1
2068,10126.305583093532,1
2069,10139.947978869417,1
2070,10154.205472842788,1
2071,10159.07036478527,1
2072,10164.611116415203,1
2073,10170.833491723322,1
2074,10177.74341459417,1
2075,10185.34697162599,1
2076,10189.218266250457,1
2077,10193.781669081214,1
2078,10199.043945920024,1
2079,10205.01205760704,1
2080,10211.693163902682,1
2081,10220.243151786892,1
2082,10229.30768364866,1
2083,10238.890387254485,1
2084,10248.994986281301,1
2085,10259.625301458816,1
2086,10259.078450817822,1
2087,10259.251345192077,1
2088,10260.150257358977,1
2089,10261.781689207912,1
2090,10264.15237702173,1
2091,10258.36632275455,1
2092,10253.24283920616,1
2093,10248.784453777198,1
2094,10244.993810011847,1
2095,10241.873668521754,1
2096,10228.233810357338,1
2097,10215.261062438842,1
2098,10202.957854958453,1
2099,10191.326754993685,1
2100,10180.370468121275,1
2101,10157.730031842077,1
2102,10135.76955499585,1
2103,10114.48906906606,1
2104,10093.888729808685,1
2105,10073.968818108811,1
2106,10044.741787690431,1
2107,10016.19131721571,1
2108,9988.315870583205,1
2109,9961.11402566092,1
2110,9934.584474578296,1
2111,9916.249457607642,1
2112,9898.570662404834,1
2113,9881.548250335343,1
2114,9865.182503732032,1
2115,9849.473826517291,1
2116,9824.68256064357,1
2117,9800.543381194102,1
2118,9777.055271268564,1
2119,9754.217332170574,1
2120,9732.02878370006,1
2121,9705.848138052523,1
2122,9680.217763114237,1
2123,9655.136572611349,1
2124,9630.603569190142,1
2125,9606.617844632563,1
2126,9572.303188181259,1
2127,9538.578171356525,1
2128,9505.43969602793,1
2129,9472.884742792545,1
2130,9440.910370396163,1
2131,9393.409327832607,1
2132,9346.60510496188,1
2133,9300.490810277683,1
2134,9255.059676903125,1
2135,9210.305060958277,1
2136,9165.263629197965,1
2137,9120.932533315083,1
2138,9077.305471627595,1
2139,9034.376271558895,1
2140,8992.138887938107,1
2141,8948.293105521489,1
2142,8905.098377576107,1
2143,8862.54698960499,1
2144,8820.631361940308,1
2145,8779.344047350185,1
2146,8732.585547601779,1
2147,8686.433461095621,1
2148,8640.881329353915,1
2149,8595.922799007092,1
2150,8551.551620358789,1
2151,8506.09144259695,1
2152,8461.252727961493,1
2153,8417.028995399221,1
2154,8373.41386209177,1
2155,8330.401042068503,1
2156,8285.705029292267,1
2157,8241.522869614802,1
2158,8197.849161375267,1
2159,8154.678576377191,1
2160,8112.005858840758,1
2161,8056.3484286657595,1
2162,8001.337046656299,1
2163,7946.965634139109,1
2164,7893.22822449615,1
2165,7840.118962131492,1
2166,7786.093560889383,1
2167,7732.623331223653,1
2168,7679.702134062017,1
2169,7627.323911147434,1
2170,7575.482683843135,1
2171,7514.994044332834,1
2172,7455.178204092972,1
2173,7396.026884322148,1
2174,7337.531923218682,1
2175,7279.68527426092,1
2176,7217.751833361105,1
2177,7156.526065116016,1
2178,7095.99923903365,1
2179,7036.162754002783,1
2180,6977.008136231202,1
2181,6917.38197715254,1
2182,6858.458327678724,1
2183,6800.228177263278,1
2184,6742.682646866529,1
2185,6685.812986855796,1
2186,6625.393053638684,1
2187,6565.674108634958,1
2188,6506.646856908842,1
2189,6448.302140695319,1
2190,6390.630937202613,1
2191,6332.480025789185,1
2192,6275.000434233375,1
2193,6218.183170059399,1
2194,6162.019375052624,1
2195,6106.500323095483,1
2196,6046.222712259406,1
2197,5986.686433481109,1
2198,5927.881105981441,1
2199,5869.796510522263,1
2200,5812.422586711586,1
2201,5754.686182109173,1
2202,5697.659873094583,1
2203,5641.333966494651,1
2204,5585.698917551962,1
2205,5530.745327532324,1
2206,5475.127449961817,1
2207,5420.187369050342,1
2208,5365.916350320421,1
2209,5312.30578483289,1
2210,5259.347187298234,1
2211,5205.351906216631,1
2212,5151.983820363097,1
2213,5099.235347403792,1
2214,5047.099006987041,1
2215,4995.567419412751,1
2216,4944.662389589003,1
2217,4894.355360831313,1
2218,4844.6387743030555,1
2219,4795.505174592749,1
2220,4746.94720821516,1
2221,4694.19673028998,1
2222,4642.089465970682,1
2223,4590.617070419804,1
2224,4539.771313318176,1
2225,4489.544077214573,1
2226,4441.088236212963,1
2227,4393.2237987659855,1
2228,4345.943213338524,1
2229,4299.239030583747,1
2230,4253.103901931782,1
2231,4209.72989781852,1
2232,4166.856051841696,1
2233,4124.476102828619,1
2234,4082.583873246061,1
2235,4041.1732680252435,1
2236,4001.784807548062,1
2237,3962.82529550871,1
2238,3924.2899622036075,1
2239,3886.1740961957767,1
2240,3848.4730436279306,1
2241,3810.1439236279816,1
2242,3772.299380122618,1
2243,3734.9341262222874,1
2244,3698.042952056841,1
2245,3661.6207238840693,1
2246,3627.9678964311493,1
2247,3594.6626069311815,1
2248,3561.701030474216,1
2249,3529.0793889352803,1
2250,3496.7939503541943,1
2251,3463.5696361899195,1
2252,3430.820645407812,1
2253,3398.5435063203463,1
2254,3366.734863109396,1
2255,3335.391475976339,1
2256,3303.7670245347927,1
2257,3272.507558080819,1
2258,3241.60870748295,1
2259,3211.066162938204,1
2260,3180.875673107951,1
2261,3153.0167594980285,1
2262,3125.4462542116266,1
2263,3098.161258454059,1
2264,3071.158912066781,1
2265,3044.436393133848,1
2266,3018.8893002259524,1
2267,2993.61141931808,1
2268,2968.59992685482,1
2269,2943.852038705672,1
2270,2919.365009705583,1
2271,2898.3759970245014,1
2272,2877.5885498902026,1
2273,2857.0008297379986,1
2274,2836.6110194027524,1
2275,2816.417322882926,1
2276,2795.6653038303475,1
2277,2775.123763342395,1
2278,2754.7906199373087,1
2279,2734.663817031676,1
2280,2714.741322636053,1
2281,2695.025994672676,1
2282,2675.4893489216597,1
2283,2656.1297974550653,1
2284,2636.9457691251173,1
2285,2617.935709385117,1
2286,2599.47864471758,1
2287,2581.1957210674154,1
2288,2563.085031268141,1
2289,2545.144693670212,1
2290,2527.3728517276845,1
2291,2509.838454098811,1
2292,2492.529281076338,1
2293,2475.4439948163576,1
2294,2458.5812926871727,1
2295,2441.9399071689136,1
2296,2425.373389573347,1
2297,2409.0227695441945,1
2298,2392.8871045935084,1
2299,2376.9654857746564,1
2300,2361.257037750337,1
1750,NA,2
1751,NA,2
1752,NA,2
1753,NA,2
1754,NA,2
1755,NA,2
1756,NA,2
1757,NA,2
1758,NA,2
1759,NA,2
1760,NA,2
1761,NA,2
1762,NA,2
1763,NA,2
1764,NA,2
1765,NA,2
1766,NA,2
1767,NA,2
1768,NA,2
1769,NA,2
1770,NA,2
1771,NA,2
1772,NA,2
1773,NA,2
1774,NA,2
1775,NA,2
1776,NA,2
1777,NA,2
1778,NA,2
1779,NA,2
1780,NA,2
1781,NA,2
1782,NA,2
1783,NA,2
1784,NA,2
1785,NA,2
1786,NA,2
1787,NA,2
1788,NA,2
1789,NA,2
1790,NA,2
1791,NA,2
1792,NA,2
1793,NA,2
1794,NA,2
1795,NA,2
1796,NA,2
1797,NA,2
1798,NA,2
1799,NA,2
1800,NA,2
1801,NA,2
1802,NA,2
1803,NA,2
1804,NA,2
1805,NA,2
1806,NA,2
1807,NA,2
1808,NA,2
1809,NA,2
1810,NA,2
1811,NA,2
1812,NA,2
1813,NA,2
1814,NA,2
1815,NA,2
1816,NA,2
1817,NA,2
1818,NA,2
1819,NA,2
1820,NA,2
1821,NA,2
1822,NA,2
1823,NA,2
1824,NA,2
1825,NA,2
1826,NA,2
1827,NA,2
1828,NA,2
1829,NA,2
1830,NA,2
1831,NA,2
1832,NA,2
1833,NA,2
1834,NA,2
1835,NA,2
1836,NA,2
1837,NA,2
1838,NA,2
1839,NA,2
1840,NA,2
1841,NA,2
1842,NA,2
1843,NA,2
1844,NA,2
1845,NA,2
1846,NA,2
1847,NA,2
1848,NA,2
1849,NA,2
1850,NA,2
1851,NA,2
1852,NA,2
1853,NA,2
1854,NA,2
1855,NA,2
1856,NA,2
1857,NA,2
1858,NA,2
1859,NA,2
1860,NA,2
1861,NA,2
1862,NA,2
1863,NA,2
1864,NA,2
1865,NA,2
1866,NA,2
1867,NA,2
1868,NA,2
1869,NA,2
1870,NA,2
1871,NA,2
1872,NA,2
1873,NA,2
1874,NA,2
1875,NA,2
1876,NA,2
1877,NA,2
1878,NA,2
1879,NA,2
1880,NA,2
1881,NA,2
1882,NA,2
1883,NA,2
1884,NA,2
1885,NA,2
1886,NA,2
1887,NA,2
1888,NA,2
1889,NA,2
1890,NA,2
1891,NA,2
1892,NA,2
1893,NA,2
1894,NA,2
1895,NA,2
1896,NA,2
1897,NA,2
1898,NA,2
1899,NA,2
1900,NA,2
1901,NA,2
1902,NA,2
1903,NA,2
1904,NA,2
1905,NA,2
1906,NA,2
1907,NA,2
1908,NA,2
1909,NA,2
1910,NA,2
1911,NA,2
1912,NA,2
1913,NA,2
1914,NA,2
1915,NA,2
1916,NA,2
1917,NA,2
1918,NA,2
1919,NA,2
1920,NA,2
1921,NA,2
1922,NA,2
1923,NA,2
1924,NA,2
1925,NA,2
1926,NA,2
1927,NA,2
1928,NA,2
1929,NA,2
1930,NA,2
1931,NA,2
1932,NA,2
1933,NA,2
1934,NA,2
1935,NA,2
1936,NA,2
1937,NA,2
1938,NA,2
1939,NA,2
1940,NA,2
1941,NA,2
1942,NA,2
1943,NA,2
1944,NA,2
1945,NA,2
1946,NA,2
1947,NA,2
1948,NA,2
1949,NA,2
1950,NA,2
1951,NA,2
1952,NA,2
1953,NA,2
1954,NA,2
1955,NA,2
1956,NA,2
1957,NA,2
1958,NA,2
1959,NA,2
1960,NA,2
1961,NA,2
1962,NA,2
1963,NA,2
1964,NA,2
1965,NA,2
1966,NA,2
1967,NA,2
1968,NA,2
1969,NA,2
1970,NA,2
1971,NA,2
1972,NA,2
1973,NA,2
1974,NA,2
1975,NA,2
1976,NA,2
1977,NA,2
1978,NA,2
1979,NA,2
1980,NA,2
1981,NA,2
1982,NA,2
1983,NA,2
1984,NA,2
1985,NA,2
1986,NA,2
1987,NA,2
1988,NA,2
1989,NA,2
1990,NA,2
1991,NA,2
1992,NA,2
1993,NA,2
1994,NA,2
1995,NA,2
1996,NA,2
1997,NA,2
1998,NA,2
1999,NA,2
2000,NA,2
2001,NA,2
2002,NA,2
2003,NA,2
2004,NA,2
2005,NA,2
2006,NA,2
2007,NA,2
2008,NA,2
2009,NA,2
2010,NA,2
2011,NA,2
2012,NA,2
2013,NA,2
2014,NA,2
2015,NA,2
2016,NA,2
2017,NA,2
2018,NA,2
2019,NA,2
2020,7752.698916000001,2
2021,7828.476771276736,2
2022,7905.6853926849935,2
2023,7984.358725680093,2
2024,8064.531690068001,2
2025,8146.240210489247,2
2026,8223.90413554824,2
2027,8303.027731733899,2
2028,8383.645572413883,2
2029,8465.793225731284,2
2030,8549.507286398393,2
2031,8619.560811174111,2
2032,8691.069730506373,2
2033,8764.075298626854,2
2034,8838.620292413185,2
2035,8914.749077758921,2
2036,8983.4224764251,2
2037,9053.569626941882,2
2038,9125.226381782142,2
2039,9198.429634277212,2
2040,9273.217350937726,2
2041,9334.77071851247,2
2042,9397.687592649263,2
2043,9462.002159952397,2
2044,9527.74964325087,2
2045,9594.966335496765,2
2046,9654.10037459952,2
2047,9714.528415551727,2
2048,9776.278091879944,2
2049,9839.377741202568,2
2050,9903.856423972844,2
2051,9954.77541905922,2
2052,10006.999504289644,2
2053,10060.558513652379,2
2054,10115.48317847185,2
2055,10171.805156737282,2
2056,10219.053989184078,2
2057,10267.49564254649,2
2058,10317.154876565904,2
2059,10368.057107451166,2
2060,10420.228425418241,2
2061,10456.092182984972,2
2062,10493.173703320237,2
2063,10531.496421733947,2
2064,10571.084419961726,2
2065,10611.96244367468,2
2066,10650.312243950077,2
2067,10689.953242158099,2
2068,10730.91255216911,2
2069,10773.218087342575,2
2070,10816.898584304254,2
2071,10859.671463372706,2
2072,10903.972941320122,2
2073,10949.838290918364,2
2074,10997.303874678659,2
2075,11046.40717934422,2
2076,11089.324015262462,2
2077,11133.530788208487,2
2078,11179.051898781994,2
2079,11225.91240176736,2
2080,11274.138023389814,2
2081,11320.476625505946,2
2082,11368.19922165496,2
2083,11417.330675308374,2
2084,11467.896468190474,2
2085,11519.922715358716,2
2086,11562.305986852478,2
2087,11606.123045474284,2
2088,11651.399399190526,2
2089,11698.16124287085,2
2090,11746.435476802753,2
2091,11796.2083854362,2
2092,11847.515383991578,2
2093,11900.386753696755,2
2094,11954.85361640702,2
2095,12010.947957542512,2
2096,12060.594142874483,2
2097,12111.987469664924,2
2098,12165.165737659107,2
2099,12220.167953648164,2
2100,12277.03437143074,2
2101,12328.8310735577,2
2102,12382.372697689143,2
2103,12437.693253968539,2
2104,12494.82768018314,2
2105,12553.811865494674,2
2106,12600.547364633869,2
2107,12648.597925856646,2
2108,12697.982569795942,2
2109,12748.72076284631,2
2110,12800.832426458312,2
2111,12860.963565648412,2
2112,12922.591801054608,2
2113,12985.739834893613,2
2114,13050.43088785606,2
2115,13116.688709911414,2
2116,13179.610717257396,2
2117,13244.140561435155,2
2118,13310.305332944577,2
2119,13378.132787330078,2
2120,13447.651359941308,2
2121,13503.206075173315,2
2122,13560.271151350478,2
2123,13618.87003810342,2
2124,13679.026740673597,2
2125,13740.765831124014,2
2126,13793.928544585939,2
2127,13848.14515136767,2
2128,13903.425895095432,2
2129,13959.781224821896,2
2130,14017.22179744609,2
2131,14058.99494405703,2
2132,14101.965788998907,2
2133,14146.144702248885,2
2134,14191.542306004092,2
2135,14238.169477292602,2
2136,14281.934261909628,2
2137,14326.990380349902,2
2138,14373.351193866434,2
2139,14421.030374473848,2
2140,14470.041908956522,2
2141,14505.62677536079,2
2142,14542.577229643954,2
2143,14580.907521522093,2
2144,14620.632258959424,2
2145,14661.766412992736,2
2146,14701.917362263213,2
2147,14743.3677153516,2
2148,14786.132437911234,2
2149,14830.226859602359,2
2150,14875.666679772721,2
2151,14905.791357888193,2
2152,14937.24030336185,2
2153,14970.024719439292,2
2154,15004.1561156701,2
2155,15039.64631181508,2
2156,15060.808734993234,2
2157,15082.75994563804,2
2158,15105.501310058215,2
2159,15129.034323534806,2
2160,15153.36061033771,2
2161,15170.441942576444,2
2162,15188.632155140891,2
2163,15207.93639591759,2
2164,15228.35998118942,2
2165,15249.908396489524,2
2166,15261.5685071514,2
2167,15274.227896650464,2
2168,15287.888110016946,2
2169,15302.550830550395,2
2170,15318.217879823795,2
2171,15322.515621170789,2
2172,15327.851920321742,2
2173,15334.22620383328,2
2174,15341.638048347822,2
2175,15350.087179824412,2
2176,15354.101654784858,2
2177,15359.397476045331,2
2178,15365.977350375248,2
2179,15373.844226853536,2
2180,15383.001298194775,2
2181,15372.397924231098,2
2182,15363.07371197513,2
2183,15355.025752994547,2
2184,15348.251330230558,2
2185,15342.747917024491,2
2186,15339.731675135585,2
2187,15337.698756935002,2
2188,15336.645818381883,2
2189,15336.569648412582,2
2190,15337.46716791703,2
2191,15327.37349105737,2
2192,15318.864273412702,2
2193,15311.936271276376,2
2194,15306.586534444008,2
2195,15302.812404396595,2
2196,15294.998276449238,2
2197,15288.59036145979,2
2198,15283.580746123234,2
2199,15279.96181597033,2
2200,15277.726251202404,2
2201,15272.223644677544,2
2202,15268.031175320528,2
2203,15265.141559373873,2
2204,15263.547790742481,2
2205,15263.243137148826,2
2206,15254.590883482815,2
2207,15247.247741840743,2
2208,15241.205767624602,2
2209,15236.457277314299,2
2210,15232.994844834739,2
2211,15221.306280924477,2
2212,15211.184130910211,2
2213,15202.618312713155,2
2214,15195.59910713237,2
2215,15190.117152447867,2
2216,15181.373139795298,2
2217,15174.218044985972,2
2218,15168.639106334747,2
2219,15164.624022972472,2
2220,15162.160945979691,2
2221,15162.413492546122,2
2222,15164.915267226675,2
2223,15169.657633119017,2
2224,15176.632634153906,2
2225,15185.83298499447,2
2226,15184.462224779196,2
2227,15185.085549693458,2
2228,15187.693973093916,2
2229,15192.279025255551,2
2230,15198.832745737027,2
2231,15192.0494387872,2
2232,15186.601556216548,2
2233,15182.478227655429,2
2234,15179.668906517882,2
2235,15178.16336395538,2
2236,15166.045306415905,2
2237,15155.37352699506,2
2238,15146.134981880621,2
2239,15138.317027779944,2
2240,15131.907415011792,2
2241,15131.035222543785,2
2242,15130.877654291206,2
2243,15131.427662706456,2
2244,15132.678368116342,2
2245,15134.623055498296,2
2246,15134.13459576267,2
2247,15134.55087389711,2
2248,15135.864428792858,2
2249,15138.068028187281,2
2250,15141.154665198605,2
2251,15146.543670460227,2
2252,15153.081318347678,2
2253,15160.763098346211,2
2254,15169.584826904938,2
2255,15179.542646465565,2
2256,15196.037409028511,2
2257,15213.688367572757,2
2258,15232.488632158696,2
2259,15252.431574404012,2
2260,15273.510822881099,2
2261,15278.896736009296,2
2262,15285.547000287987,2
2263,15293.451532731715,2
2264,15302.600545637992,2
2265,15312.98454104275,2
2266,15300.446437515748,2
2267,15288.634005901562,2
2268,15277.538945151588,2
2269,15267.153127098565,2
2270,15257.468593108697,2
2271,15247.491735792546,2
2272,15238.322090586576,2
2273,15229.95253464934,2
2274,15222.376143083757,2
2275,15215.586186578152,2
2276,15216.495041417715,2
2277,15218.496063661583,2
2278,15221.580054573591,2
2279,15225.738042879388,2
2280,15230.961280753028,2
2281,15232.989878235709,2
2282,15235.739535019757,2
2283,15239.203920791942,2
2284,15243.376855088649,2
2285,15248.252304578022,2
2286,15247.035879759747,2
2287,15246.478092682808,2
2288,15246.575430981704,2
2289,15247.324562414502,2
2290,15248.722333921638,2
2291,15244.491627484515,2
2292,15241.113456737374,2
2293,15238.580684325383,2
2294,15236.886387805936,2
2295,15236.023856635922,2
2296,15216.556530552862,2
2297,15197.692309118014,2
2298,15179.423807276502,2
2299,15161.743773658518,2
2300,15144.64508803886,2
1750,NA,3
1751,NA,3
1752,NA,3
1753,NA,3
1754,NA,3
1755,NA,3
1756,NA,3
1757,NA,3
1758,NA,3
1759,NA,3
1760,NA,3
1761,NA,3
1762,NA,3
1763,NA,3
1764,NA,3
1765,NA,3
1766,NA,3
1767,NA,3
1768,NA,3
1769,NA,3
1770,NA,3
1771,NA,3
1772,NA,3
1773,NA,3
1774,NA,3
1775,NA,3
1776,NA,3
1777,NA,3
1778,NA,3
1779,NA,3
1780,NA,3
1781,NA,3
1782,NA,3
1783,NA,3
1784,NA,3
1785,NA,3
1786,NA,3
1787,NA,3
1788,NA,3
1789,NA,3
1790,NA,3
1791,NA,3
1792,NA,3
1793,NA,3
1794,NA,3
1795,NA,3
1796,NA,3
1797,NA,3
1798,NA,3
1799,NA,3
1800,NA,3
1801,NA,3
1802,NA,3
1803,NA,3
1804,NA,3
1805,NA,3
1806,NA,3
1807,NA,3
1808,NA,3
1809,NA,3
1810,NA,3
1811,NA,3
1812,NA,3
1813,NA,3
1814,NA,3
1815,NA,3
1816,NA,3
1817,NA,3
1818,NA,3
1819,NA,3
1820,NA,3
1821,NA,3
1822,NA,3
1823,NA,3
1824,NA,3
1825,NA,3
1826,NA,3
1827,NA,3
1828,NA,3
1829,NA,3
1830,NA,3
1831,NA,3
1832,NA,3
1833,NA,3
1834,NA,3
1835,NA,3
1836,NA,3
1837,NA,3
1838,NA,3
1839,NA,3
1840,NA,3
1841,NA,3
1842,NA,3
1843,NA,3
1844,NA,3
1845,NA,3
1846,NA,3
1847,NA,3
1848,NA,3
1849,NA,3
1850,NA,3
1851,NA,3
1852,NA,3
1853,NA,3
1854,NA,3
1855,NA,3
1856,NA,3
1857,NA,3
1858,NA,3
1859,NA,3
1860,NA,3
1861,NA,3
1862,NA,3
1863,NA,3
1864,NA,3
1865,NA,3
1866,NA,3
1867,NA,3
1868,NA,3
1869,NA,3
1870,NA,3
1871,NA,3
1872,NA,3
1873,NA,3
1874,NA,3
1875,NA,3
1876,NA,3
1877,NA,3
1878,NA,3
1879,NA,3
1880,NA,3
1881,NA,3
1882,NA,3
1883,NA,3
1884,NA,3
1885,NA,3
1886,NA,3
1887,NA,3
1888,NA,3
1889,NA,3
1890,NA,3
1891,NA,3
1892,NA,3
1893,NA,3
1894,NA,3
1895,NA,3
1896,NA,3
1897,NA,3
1898,NA,3
1899,NA,3
1900,NA,3
1901,NA,3
1902,NA,3
1903,NA,3
1904,NA,3
1905,NA,3
1906,NA,3
1907,NA,3
1908,NA,3
1909,NA,3
1910,NA,3
1911,NA,3
1912,NA,3
1913,NA,3
1914,NA,3
1915,NA,3
1916,NA,3
1917,NA,3
1918,NA,3
1919,NA,3
1920,NA,3
1921,NA,3
1922,NA,3
1923,NA,3
1924,NA,3
1925,NA,3
1926,NA,3
1927,NA,3
1928,NA,3
1929,NA,3
1930,NA,3
1931,NA,3
1932,NA,3
1933,NA,3
1934,NA,3
1935,NA,3
1936,NA,3
1937,NA,3
1938,NA,3
1939,NA,3
1940,NA,3
1941,NA,3
1942,NA,3
1943,NA,3
1944,NA,3
1945,NA,3
1946,NA,3
1947,NA,3
1948,NA,3
1949,NA,3
1950,NA,3
1951,NA,3
1952,NA,3
1953,NA,3
1954,NA,3
1955,NA,3
1956,NA,3
1957,NA,3
1958,NA,3
1959,NA,3
1960,NA,3
1961,NA,3
1962,NA,3
1963,NA,3
1964,NA,3
1965,NA,3
1966,NA,3
1967,NA,3
1968,NA,3
1969,NA,3
1970,NA,3
1971,NA,3
1972,NA,3
1973,NA,3
1974,NA,3
1975,NA,3
1976,NA,3
1977,NA,3
1978,NA,3
1979,NA,3
1980,NA,3
1981,NA,3
1982,NA,3
1983,NA,3
1984,NA,3
1985,NA,3
1986,NA,3
1987,NA,3
1988,NA,3
1989,NA,3
1990,NA,3
1991,NA,3
1992,NA,3
1993,NA,3
1994,NA,3
1995,NA,3
1996,NA,3
1997,NA,3
1998,NA,3
1999,NA,3
2000,NA,3
2001,NA,3
2002,NA,3
2003,NA,3
2004,NA,3
2005,NA,3
2006,NA,3
2007,NA,3
2008,NA,3
2009,NA,3
2010,NA,3
2011,NA,3
2012,NA,3
2013,NA,3
2014,NA,3
2015,NA,3
2016,NA,3
2017,NA,3
2018,NA,3
2019,NA,3
2020,7752.698916000001,3
2021,7827.965149755878,3
2022,7904.551845855767,3
2023,7982.490388604549,3
2024,8061.813191554995,3
2025,8142.5537415071385,3
2026,8214.393966387186,3
2027,8287.570403629297,3
2028,8362.115945414307,3
2029,8438.064532370156,3
2030,8515.451193608511,3
2031,8579.981454851593,3
2032,8645.827078085178,3
2033,8713.02272574773,3
2034,8781.604211186841,3
2035,8851.608541858428,3
2036,8909.020956987371,3
2037,8967.564134386557,3
2038,9027.264591753243,3
2039,9088.149608268175,3
2040,9150.247248370544,3
2041,9200.682353209375,3
2042,9252.28267630558,3
2043,9305.077778112756,3
2044,9359.098185630843,3
2045,9414.375429562178,3
2046,9460.08761809925,3
2047,9506.927551423885,3
2048,9554.920190938416,3
2049,9604.09119067416,3
2050,9654.466918369866,3
2051,9697.912168396817,3
2052,9742.433220460925,3
2053,9788.050623608675,3
2054,9834.785411163703,3
2055,9882.65911218878,3
2056,9923.786085368802,3
2057,9966.05038701717,3
2058,10009.477040248827,3
2059,10054.091830713607,3
2060,10099.92133312142,3
2061,10132.69198411243,3
2062,10166.589037864822,3
2063,10201.632800646428,3
2064,10237.844081478577,3
2065,10275.244204206225,3
2066,10304.291876354087,3
2067,10334.579660844121,3
2068,10366.128914991916,3
2069,10398.9615379028,3
2070,10433.09998308377,3
2071,10459.814505078162,3
2072,10487.668404543037,3
2073,10516.679363392605,3
2074,10546.865487362627,3
2075,10578.24531519443,3
2076,10610.906491891259,3
2077,10644.759339780421,3
2078,10679.824241063588,3
2079,10716.122069858024,3
2080,10753.674203199216,3
2081,10783.393467561136,3
2082,10814.092856882751,3
2083,10845.787230650181,3
2084,10878.491767495894,3
2085,10912.221971379582,3
2086,10942.901968381706,3
2087,10974.59105521438,3
2088,11007.304229117683,3
2089,11041.056821587974,3
2090,11075.864504895408,3
2091,11098.632832261806,3
2092,11122.24013431985,3
2093,11146.696208252262,3
2094,11172.011055889574,3
2095,11198.194887002817,3
2096,11225.187971329968,3
2097,11253.195785828237,3
2098,11282.231312754706,3
2099,11312.307827692375,3
2100,11343.43890494419,3
2101,11365.020719006843,3
2102,11387.746446330395,3
2103,11411.628800062263,3
2104,11436.68082297143,3
2105,11462.915892883952,3
2106,11490.174500976662,3
2107,11518.683745694878,3
2108,11548.457369111473,3
2109,11579.509482973057,3
2110,11611.854574724432,3
2111,11639.386194755529,3
2112,11668.22648919557,3
2113,11698.391367761682,3
2114,11729.897154035198,3
2115,11762.760592621897,3
2116,11785.96652483165,3
2117,11810.365301277685,3
2118,11835.969496486596,3
2119,11862.792021437894,3
2120,11890.846129010843,3
2121,11909.783666284506,3
2122,11929.775461062725,3
2123,11950.828569242225,3
2124,11972.950245760245,3
2125,11996.147946568648,3
2126,12008.931917242622,3
2127,12022.558918890521,3
2128,12037.032972176079,3
2129,12052.358240581943,3
2130,12068.539031262411,3
2131,12079.086239677023,3
2132,12090.324021723201,3
2133,12102.255143135122,3
2134,12114.882461979594,3
2135,12128.208929025486,3
2136,12132.93319567569,3
2137,12138.331797106235,3
2138,12144.407101658633,3
2139,12151.161568859028,3
2140,12158.59774978767,3
2141,12162.636558547769,3
2142,12167.40385613691,3
2143,12172.902375664085,3
2144,12179.134940096783,3
2145,12186.104462627241,3
2146,12180.316950334658,3
2147,12175.224266701485,3
2148,12170.826172116462,3
2149,12167.122514843591,3
2150,12164.113230510635,3
2151,12146.997232711446,3
2152,12130.496597985273,3
2153,12114.609712422553,3
2154,12099.335027303508,3
2155,12084.671058795633,3
2156,12068.49369759017,3
2157,12052.857688484162,3
2158,12037.76194895077,3
2159,12023.205446743263,3
2160,12009.187199696957,3
2161,11990.269242960223,3
2162,11971.829782317534,3
2163,11953.867082365256,3
2164,11936.379446232846,3
2165,11919.365215323573,3
2166,11900.235748339364,3
2167,11881.70241349683,3
2168,11863.763175799695,3
2169,11846.416057681154,3
2170,11829.659138609011,3
2171,11805.598757446407,3
2172,11782.086911901017,3
2173,11759.120826487004,3
2174,11736.697774143899,3
2175,11714.815075835479,3
2176,11678.53979471989,3
2177,11642.728617365396,3
2178,11607.378040368867,3
2179,11572.484599316842,3
2180,11538.044868360686,3
2181,11497.43900330891,3
2182,11457.347788606818,3
2183,11417.766621283663,3
2184,11378.6909552588,3
2185,11340.116300752135,3
2186,11302.096758385978,3
2187,11264.61671979434,3
2188,11227.672642530142,3
2189,11191.261039803378,3
2190,11155.378479931062,3
2191,11109.532785025303,3
2192,11064.234732544268,3
2193,11019.480111906412,3
2194,10975.264769634703,3
2195,10931.584608698791,3
2196,10884.817635366977,3
2197,10838.603401397895,3
2198,10792.9382579415,3
2199,10747.818625408812,3
2200,10703.240993253488,3
2201,10651.643642909403,3
2202,10600.650265067481,3
2203,10550.255430685951,3
2204,10500.453779694075,3
2205,10451.240020186566,3
2206,10397.235704781797,3
2207,10343.870102493476,3
2208,10291.136980692063,3
2209,10239.030188457822,3
2210,10187.5436555991,3
2211,10131.039000360945,3
2212,10075.241146210434,3
2213,10020.142829927843,3
2214,9965.736889184305,3
2215,9912.016261130124,3
2216,9856.646301323262,3
2217,9802.10116351664,3
2218,9748.373061762224,3
2219,9695.454338697287,3
2220,9643.337463977976,3
2221,9591.76195002101,3
2222,9540.815074360622,3
2223,9490.490999727459,3
2224,9440.783964216329,3
2225,9391.688280363542,3
2226,9340.647232540654,3
2227,9290.14844681987,3
2228,9240.186457908647,3
2229,9190.755869423907,3
2230,9141.851353061073,3
2231,9093.041637516992,3
2232,9044.746581611098,3
2233,8996.960799374707,3
2234,8949.678973624455,3
2235,8902.895855029068,3
2236,8849.887073962545,3
2237,8797.456273904354,3
2238,8745.597154105599,3
2239,8694.303496977638,3
2240,8643.569166908715,3
2241,8594.205179962524,3
2242,8545.3955396726,3
2243,8497.13437722432,3
2244,8449.415899904074,3
2245,8402.234390078023,3
2246,8352.901707190134,3
2247,8304.05619094594,3
2248,8255.692281925929,3
2249,8207.804496434199,3
2250,8160.387425402276,3
2251,8104.998614949648,3
2252,8050.2357221990105,3
2253,7996.09295311772,3
2254,7942.564634096199,3
2255,7889.645211155119,3
2256,7833.271793162152,3
2257,7777.4822630034105,3
2258,7722.269953926709,3
2259,7667.628289798752,3
2260,7613.550783815841,3
2261,7554.056177317523,3
2262,7495.1845605338885,3
2263,7436.92898340426,3
2264,7379.282590747548,3
2265,7322.238620932429,3
2266,7267.542796761821,3
2267,7213.390468939052,3
2268,7159.7754836284685,3
2269,7106.691766299499,3
2270,7054.1333206269055,3
2271,6999.376789452258,3
2272,6945.185113339617,3
2273,6891.551464510839,3
2274,6838.469113807885,3
2275,6785.931429112213,3
2276,6734.395902795972,3
2277,6683.445718789047,3
2278,6633.0738687447665,3
2279,6583.273451522048,3
2280,6534.0376714906315,3
2281,6478.2468145370285,3
2282,6423.022012838363,3
2283,6368.356891905877,3
2284,6314.245161333295,3
2285,6260.680613520223,3
2286,6207.4251529577405,3
2287,6154.70116453672,3
2288,6102.502450111907,3
2289,6050.822897234861,3
2290,5999.656477762241,3
2291,5948.118540445824,3
2292,5897.085466477927,3
2293,5846.551788325617,3
2294,5796.512105264015,3
2295,5746.961082473738,3
2296,5690.08132204867,3
2297,5633.851412384579,3
2298,5578.263871644687,3
2299,5523.311317385647,3
2300,5468.986465148389,3
1750,NA,4
1751,NA,4
1752,NA,4
1753,NA,4
1754,NA,4
1755,NA,4
1756,NA,4
1757,NA,4
1758,NA,4
1759,NA,4
1760,NA,4
1761,NA,4
1762,NA,4
1763,NA,4
1764,NA,4
1765,NA,4
1766,NA,4
1767,NA,4
1768,NA,4
1769,NA,4
1770,NA,4
1771,NA,4
1772,NA,4
1773,NA,4
1774,NA,4
1775,NA,4
1776,NA,4
1777,NA,4
1778,NA,4
1779,NA,4
1780,NA,4
1781,NA,4
1782,NA,4
1783,NA,4
1784,NA,4
1785,NA,4
1786,NA,4
1787,NA,4
1788,NA,4
1789,NA,4
1790,NA,4
1791,NA,4
1792,NA,4
1793,NA,4
1794,NA,4
1795,NA,4
1796,NA,4
1797,NA,4
1798,NA,4
1799,NA,4
1800,NA,4
1801,NA,4
1802,NA,4
1803,NA,4
1804,NA,4
1805,NA,4
1806,NA,4
1807,NA,4
1808,NA,4
1809,NA,4
1810,NA,4
1811,NA,4
1812,NA,4
1813,NA,4
1814,NA,4
1815,NA,4
1816,NA,4
1817,NA,4
1818,NA,4
1819,NA,4
1820,NA,4
1821,NA,4
1822,NA,4
1823,NA,4
1824,NA,4
1825,NA,4
1826,NA,4
1827,NA,4
1828,NA,4
1829,NA,4
1830,NA,4
1831,NA,4
1832,NA,4
1833,NA,4
1834,NA,4
1835,NA,4
1836,NA,4
1837,NA,4
1838,NA,4
1839,NA,4
1840,NA,4
1841,NA,4
1842,NA,4
1843,NA,4
1844,NA,4
1845,NA,4
1846,NA,4
1847,NA,4
1848,NA,4
1849,NA,4
1850,NA,4
1851,NA,4
1852,NA,4
1853,NA,4
1854,NA,4
1855,NA,4
1856,NA,4
1857,NA,4
1858,NA,4
1859,NA,4
1860,NA,4
1861,NA,4
1862,NA,4
1863,NA,4
1864,NA,4
1865,NA,4
1866,NA,4
1867,NA,4
1868,NA,4
1869,NA,4
1870,NA,4
1871,NA,4
1872,NA,4
1873,NA,4
1874,NA,4
1875,NA,4
1876,NA,4
1877,NA,4
1878,NA,4
1879,NA,4
1880,NA,4
1881,NA,4
1882,NA,4
1883,NA,4
1884,NA,4
1885,NA,4
1886,NA,4
1887,NA,4
1888,NA,4
1889,NA,4
1890,NA,4
1891,NA,4
1892,NA,4
1893,NA,4
1894,NA,4
1895,NA,4
1896,NA,4
1897,NA,4
1898,NA,4
1899,NA,4
1900,NA,4
1901,NA,4
1902,NA,4
1903,NA,4
1904,NA,4
1905,NA,4
1906,NA,4
1907,NA,4
1908,NA,4
1909,NA,4
1910,NA,4
1911,NA,4
1912,NA,4
1913,NA,4
1914,NA,4
1915,NA,4
1916,NA,4
1917,NA,4
1918,NA,4
1919,NA,4
1920,NA,4
1921,NA,4
1922,NA,4
1923,NA,4
1924,NA,4
1925,NA,4
1926,NA,4
1927,NA,4
1928,NA,4
1929,NA,4
1930,NA,4
1931,NA,4
1932,NA,4
1933,NA,4
1934,NA,4
1935,NA,4
1936,NA,4
1937,NA,4
1938,NA,4
1939,NA,4
1940,NA,4
1941,NA,4
1942,NA,4
1943,NA,4
1944,NA,4
1945,NA,4
1946,NA,4
1947,NA,4
1948,NA,4
1949,NA,4
1950,NA,4
1951,NA,4
1952,NA,4
1953,NA,4
1954,NA,4
1955,NA,4
1956,NA,4
1957,NA,4
1958,NA,4
1959,NA,4
1960,NA,4
1961,NA,4
1962,NA,4
1963,NA,4
1964,NA,4
1965,NA,4
1966,NA,4
1967,NA,4
1968,NA,4
1969,NA,4
1970,NA,4
1971,NA,4
1972,NA,4
1973,NA,4
1974,NA,4
1975,NA,4
1976,NA,4
1977,NA,4
1978,NA,4
1979,NA,4
1980,NA,4
1981,NA,4
1982,NA,4
1983,NA,4
1984,NA,4
1985,NA,4
1986,NA,4
1987,NA,4
1988,NA,4
1989,NA,4
1990,NA,4
1991,NA,4
1992,NA,4
1993,NA,4
1994,NA,4
1995,NA,4
1996,NA,4
1997,NA,4
1998,NA,4
1999,NA,4
2000,NA,4
2001,NA,4
2002,NA,4
2003,NA,4
2004,NA,4
2005,NA,4
2006,NA,4
2007,NA,4
2008,NA,4
2009,NA,4
2010,NA,4
2011,NA,4
2012,NA,4
2013,NA,4
2014,NA,4
2015,NA,4
2016,NA,4
2017,NA,4
2018,NA,4
2019,NA,4
2020,7752.698916000001,4
2021,7833.08729704076,4
2022,7915.033727730706,4
2023,7998.577704311276,4
2024,8083.759937113651,4
2025,8170.622392534388,4
2026,8241.965803207933,4
2027,8314.75515612872,4
2028,8389.031239884596,4
2029,8464.836355269641,4
2030,8542.214382944083,4
2031,8606.44459277333,4
2032,8671.94171565182,4
2033,8738.736017056515,4
2034,8806.858631610705,4
2035,8876.34159084437,4
2036,8929.525734767098,4
2037,8983.853906334722,4
2038,9039.351662901545,4
2039,9096.04524753141,4
2040,9153.961608829624,4
2041,9205.627253332788,4
2042,9258.413788772466,4
2043,9312.345523319022,4
2044,9367.447385372123,4
2045,9423.744940165023,4
2046,9462.006192874396,4
2047,9501.233214173655,4
2048,9541.446787156008,4
2049,9582.668297966358,4
2050,9624.919754806077,4
2051,9655.25166281291,4
2052,9686.345483326544,4
2053,9718.212558979138,4
2054,9750.86448190423,4
2055,9784.31309890424,4
2056,9803.84679757271,4
2057,9824.170016579954,4
2058,9845.293209323496,4
2059,9867.227087826528,4
2060,9889.982627834852,4
2061,9904.62857310667,4
2062,9920.118415494675,4
2063,9936.462567194041,4
2064,9953.67172775592,4
2065,9971.756889886423,4
2066,9977.53166099882,4
2067,9984.069936430233,4
2068,9991.37788167016,4
2069,9999.461834364827,4
2070,10008.328306682592,4
2071,10005.534507999493,4
2072,10003.478072823898,4
2073,10002.161742953556,4
2074,10001.588391898395,4
2075,10001.76102599355,4
2076,9993.928868308782,4
2077,9986.81358672363,4
2078,9980.416986448068,4
2079,9974.741006441274,4
2080,9969.787720596561,4
2081,9959.69920281323,4
2082,9950.420517483046,4
2083,9941.954310599562,4
2084,9934.303402874195,4
2085,9927.470791724822,4
2086,9913.974747980548,4
2087,9901.315905527572,4
2088,9889.494784925866,4
2089,9878.512059236535,4
2090,9868.368555034862,4
2091,9856.035977518679,4
2092,9844.558734442222,4
2093,9833.945332707632,4
2094,9824.204830382894,4
2095,9815.346859368568,4
2096,9797.281547635583,4
2097,9779.889235534249,4
2098,9763.17023051196,4
2099,9747.124992557245,4
2100,9731.754135663397,4
2101,9711.580227889981,4
2102,9692.20197732832,4
2103,9673.615275737504,4
2104,9655.816191799498,4
2105,9638.800970332853,4
2106,9610.904966592892,4
2107,9583.849602039632,4
2108,9557.629448340544,4
2109,9532.239275803555,4
2110,9507.674051922051,4
2111,9483.626007438384,4
2112,9460.22932086218,4
2113,9437.479508967792,4
2114,9415.372216058639,4
2115,9393.903212817097,4
2116,9370.738292501015,4
2117,9348.237714556008,4
2118,9326.395691700474,4
2119,9305.20659575449,4
2120,9284.664955902139,4
2121,9265.729248532893,4
2122,9247.655102914221,4
2123,9230.441399677344,4
2124,9214.087348960216,4
2125,9198.592493822312,4
2126,9181.60845281057,4
2127,9165.444535289267,4
2128,9150.098625036171,4
2129,9135.568834149664,4
2130,9121.853502940408,4
2131,9112.928683389613,4
2132,9104.726602130271,4
2133,9097.246700471911,4
2134,9090.488601756857,4
2135,9084.452111474377,4
2136,9074.826703423572,4
2137,9066.056222807605,4
2138,9058.143473298918,4
2139,9051.09161960119,4
2140,9044.904192916483,4
2141,9035.314288288711,4
2142,9026.405253532022,4
2143,9018.179475866325,4
2144,9010.639578306655,4
2145,9003.788422955315,4
2146,8998.34884872076,4
2147,8993.6820509128,4
2148,8989.792088163575,4
2149,8986.683288285978,4
2150,8984.360252643664,4
2151,8994.502799772003,4
2152,9005.227129435974,4
2153,9016.536235186557,4
2154,9028.433235591292,4
2155,9040.921375393167,4
2156,9055.4063826191,4
2157,9070.410176543008,4
2158,9085.936101995001,4
2159,9101.987599356673,4
2160,9118.568205204683,4
2161,9134.488565100577,4
2162,9150.980558455725,4
2163,9168.048686120763,4
2164,9185.697576995826,4
2165,9203.93198923578,4
2166,9215.173574887487,4
2167,9227.039257830937,4
2168,9239.534882435493,4
2169,9252.666469910866,4
2170,9266.440220677483,4
2171,9281.566132568043,4
2172,9297.0718064277,4
2173,9312.95988120718,4
2174,9329.233065509316,4
2175,9345.894138239319,4
2176,9361.508347300636,4
2177,9377.592794629167,4
2178,9394.151786358023,4
2179,9411.189739864554,4
2180,9428.711185139258,4
2181,9448.891132371205,4
2182,9469.545971237867,4
2183,9490.67909560784,4
2184,9512.293984866694,4
2185,9534.39420451493,4
2186,9563.149461877398,4
2187,9592.38414757615,4
2188,9622.10323292766,4
2189,9652.311776401062,4
2190,9683.014924729861,4
2191,9716.795405245592,4
2192,9750.994434048429,4
2193,9785.615553726293,4
2194,9820.6623639681,4
2195,9856.13852223679,4
2196,9891.493254114646,4
2197,9927.268658450543,4
2198,9963.468299594244,4
2199,10000.095796655209,4
2200,10037.154824112271,4
2201,10076.451988411234,4
2202,10116.166016552344,4
2203,10156.30060897743,4
2204,10196.859512586889,4
2205,10237.84652123818,4
2206,10283.429709054208,4
2207,10330.104923728753,4
2208,10377.907416117747,4
2209,10426.873829237817,4
2210,10477.042254589873,4
2211,10524.343360669222,4
2212,10572.116066464348,4
2213,10620.364605568602,4
2214,10669.0932747557,4
2215,10718.306434716695,4
2216,10769.55469814941,4
2217,10822.07404646495,4
2218,10875.905123213519,4
2219,10931.090185850719,4
2220,10987.673169176287,4
2221,11042.049411291153,4
2222,11097.198829525896,4
2223,11153.134783282343,4
2224,11209.87095635988,4
2225,11267.421364306017,4
2226,11322.48034774428,4
2227,11378.710006251633,4
2228,11436.138280073008,4
2229,11494.793889896728,4
2230,11554.70635902124,4
2231,11610.634394554298,4
2232,11668.478668777745,4
2233,11728.310149788977,4
2234,11790.202749524016,4
2235,11854.23344519274,4
2236,11919.40848433202,4
2237,11985.18796829802,4
2238,12051.5782464091,4
2239,12118.585751302211,4
2240,12186.217000108714,4
2241,12245.607996386461,4
2242,12305.595911395698,4
2243,12366.18813572236,4
2244,12427.392230136824,4
2245,12489.215931174153,4
2246,12557.10555393413,4
2247,12626.01426284931,4
2248,12695.959672960254,4
2249,12766.95975682013,4
2250,12839.032851990163,4
2251,12912.262267125776,4
2252,12986.161444131341,4
2253,13060.73725529107,4
2254,13135.996657446138,4
2255,13211.946693061278,4
2256,13281.284803722401,4
2257,13352.77212759554,4
2258,13426.4783147807,4
2259,13502.475417728068,4
2260,13580.837974508444,4
2261,13656.241123339065,4
2262,13732.462615165801,4
2263,13809.516684260368,4
2264,13887.417943950883,4
2265,13966.181398315473,4
2266,14041.274892361947,4
2267,14117.240945555139,4
2268,14194.091362547331,4
2269,14271.838127470615,4
2270,14350.493406762684,4
2271,14425.484929135018,4
2272,14501.684514230972,4
2273,14579.113051243954,4
2274,14657.791836461734,4
2275,14737.742581344375,4
2276,14817.277074440513,4
2277,14897.427707500165,4
2278,14978.200239675332,4
2279,15059.600495658673,4
2280,15141.634366577679,4
2281,15225.933952255999,4
2282,15311.758725729092,4
2283,15399.136174784237,4
2284,15488.09434182342,4
2285,15578.661835115508,4
2286,15673.05015764005,4
2287,15768.273792489568,4
2288,15864.340799607595,4
2289,15961.259333477878,4
2290,16059.037644287222,4
2291,16158.256498879051,4
2292,16258.471023149881,4
2293,16359.692952768979,4
2294,16461.934209086066,4
2295,16565.20690340853,4
2296,16661.813351404326,4
2297,16759.754593769594,4
2298,16859.052635881042,4
2299,16959.729883896518,4
2300,17061.809152281206,4
1750,NA,5
1751,NA,5
1752,NA,5
1753,NA,5
1754,NA,5
1755,NA,5
1756,NA,5
1757,NA,5
1758,NA,5
1759,NA,5
1760,NA,5
1761,NA,5
1762,NA,5
1763,NA,5
1764,NA,5
1765,NA,5
1766,NA,5
1767,NA,5
1768,NA,5
1769,NA,5
1770,NA,5
1771,NA,5
1772,NA,5
1773,NA,5
1774,NA,5
1775,NA,5
1776,NA,5
1777,NA,5
1778,NA,5
1779,NA,5
1780,NA,5
1781,NA,5
1782,NA,5
1783,NA,5
1784,NA,5
1785,NA,5
1786,NA,5
1787,NA,5
1788,NA,5
1789,NA,5
1790,NA,5
1791,NA,5
1792,NA,5
1793,NA,5
1794,NA,5
1795,NA,5
1796,NA,5
1797,NA,5
1798,NA,5
1799,NA,5
1800,NA,5
1801,NA,5
1802,NA,5
1803,NA,5
1804,NA,5
1805,NA,5
1806,NA,5
1807,NA,5
1808,NA,5
1809,NA,5
1810,NA,5
1811,NA,5
1812,NA,5
1813,NA,5
1814,NA,5
1815,NA,5
1816,NA,5
1817,NA,5
1818,NA,5
1819,NA,5
1820,NA,5
1821,NA,5
1822,NA,5
1823,NA,5
1824,NA,5
1825,NA,5
1826,NA,5
1827,NA,5
1828,NA,5
1829,NA,5
1830,NA,5
1831,NA,5
1832,NA,5
1833,NA,5
1834,NA,5
1835,NA,5
1836,NA,5
1837,NA,5
1838,NA,5
1839,NA,5
1840,NA,5
1841,NA,5
1842,NA,5
1843,NA,5
1844,NA,5
1845,NA,5
1846,NA,5
1847,NA,5
1848,NA,5
1849,NA,5
1850,NA,5
1851,NA,5
1852,NA,5
1853,NA,5
1854,NA,5
1855,NA,5
1856,NA,5
1857,NA,5
1858,NA,5
1859,NA,5
1860,NA,5
1861,NA,5
1862,NA,5
1863,NA,5
1864,NA,5
1865,NA,5
1866,NA,5
1867,NA,5
1868,NA,5
1869,NA,5
1870,NA,5
1871,NA,5
1872,NA,5
1873,NA,5
1874,NA,5
1875,NA,5
1876,NA,5
1877,NA,5
1878,NA,5
1879,NA,5
1880,NA,5
1881,NA,5
1882,NA,5
1883,NA,5
1884,NA,5
1885,NA,5
1886,NA,5
1887,NA,5
1888,NA,5
1889,NA,5
1890,NA,5
1891,NA,5
1892,NA,5
1893,NA,5
1894,NA,5
1895,NA,5
1896,NA,5
1897,NA,5
1898,NA,5
1899,NA,5
1900,NA,5
1901,NA,5
1902,NA,5
1903,NA,5
1904,NA,5
1905,NA,5
1906,NA,5
1907,NA,5
1908,NA,5
1909,NA,5
1910,NA,5
1911,NA,5
1912,NA,5
1913,NA,5
1914,NA,5
1915,NA,5
1916,NA,5
1917,NA,5
1918,NA,5
1919,NA,5
1920,NA,5
1921,NA,5
1922,NA,5
1923,NA,5
1924,NA,5
1925,NA,5
1926,NA,5
1927,NA,5
1928,NA,5
1929,NA,5
1930,NA,5
1931,NA,5
1932,NA,5
1933,NA,5
1934,NA,5
1935,NA,5
1936,NA,5
1937,NA,5
1938,NA,5
1939,NA,5
1940,NA,5
1941,NA,5
1942,NA,5
1943,NA,5
1944,NA,5
1945,NA,5
1946,NA,5
1947,NA,5
1948,NA,5
1949,NA,5
1950,NA,5
1951,NA,5
1952,NA,5
1953,NA,5
1954,NA,5
1955,NA,5
1956,NA,5
1957,NA,5
1958,NA,5
1959,NA,5
1960,NA,5
1961,NA,5
1962,NA,5
1963,NA,5
1964,NA,5
1965,NA,5
1966,NA,5
1967,NA,5
1968,NA,5
1969,NA,5
1970,NA,5
1971,NA,5
1972,NA,5
1973,NA,5
1974,NA,5
1975,NA,5
1976,NA,5
1977,NA,5
1978,NA,5
1979,NA,5
1980,NA,5
1981,NA,5
1982,NA,5
1983,NA,5
1984,NA,5
1985,NA,5
1986,NA,5
1987,NA,5
1988,NA,5
1989,NA,5
1990,NA,5
1991,NA,5
1992,NA,5
1993,NA,5
1994,NA,5
1995,NA,5
1996,NA,5
1997,NA,5
1998,NA,5
1999,NA,5
2000,NA,5
2001,NA,5
2002,NA,5
2003,NA,5
2004,NA,5
2005,NA,5
2006,NA,5
2007,NA,5
2008,NA,5
2009,NA,5
2010,NA,5
2011,NA,5
2012,NA,5
2013,NA,5
2014,NA,5
2015,NA,5
2016,NA,5
2017,NA,5
2018,NA,5
2019,NA,5
2020,7752.698916000001,5
2021,7826.598833859798,5
2022,7901.8650803804585,5
2023,7978.535198496045,5
2024,8056.648438867114,5
2025,8136.245876618136,5
2026,8200.793321565703,5
2027,8266.426666010611,5
2028,8333.168556405868,5
2029,8401.042241425926,5
2030,8470.071590808959,5
2031,8528.989799197678,5
2032,8588.967542628801,5
2033,8650.027046213061,5
2034,8712.191098693405,5
2035,8775.483067994017,5
2036,8827.084680767912,5
2037,8879.705121010275,5
2038,8933.365456842079,5
2039,8988.087276166649,5
2040,9043.892700441775,5
2041,9088.898135726155,5
2042,9134.7661985065,5
2043,9181.513583444603,5
2044,9229.157415557469,5
2045,9277.71526306116,5
2046,9310.125110305049,5
2047,9343.243131925383,5
2048,9377.080198920357,5
2049,9411.647422483022,5
2050,9446.956159464451,5
2051,9469.468524346135,5
2052,9492.560595160488,5
2053,9516.239964814975,5
2054,9540.514370310446,5
2055,9565.39169535295,5
2056,9583.777978029562,5
2057,9602.66316163252,5
2058,9622.053015254534,5
2059,9641.953419334359,5
2060,9662.370367653433,5
2061,9672.994631457937,5
2062,9684.190129515298,5
2063,9695.964092720424,5
2064,9708.323935482356,5
2065,9721.277260124782,5
2066,9722.851802949906,5
2067,9724.958713242479,5
2068,9727.60385894276,5
2069,9730.793302390588,5
2070,9734.533305158739,5
2071,9733.839735553747,5
2072,9733.67441854198,5
2073,9734.040833349627,5
2074,9734.942555879998,5
2075,9736.38326015554,5
2076,9730.637174962594,5
2077,9725.502957706765,5
2078,9720.983747111963,5
2079,9717.082795945555,5
2080,9713.803472514639,5
2081,9708.027412377054,5
2082,9702.931477364029,5
2083,9698.521067720138,5
2084,9694.80180648287,5
2085,9691.779545176314,5
2086,9684.187144845348,5
2087,9677.079449578627,5
2088,9670.457295237313,5
2089,9664.3215927162,5
2090,9658.67332875158,5
2091,9644.870276669639,5
2092,9631.634968019605,5
2093,9618.968311865145,5
2094,9606.871343892357,5
2095,9595.345228364109,5
2096,9575.511177324039,5
2097,9556.2766137503,5
2098,9537.639631009652,5
2099,9519.598420583216,5
2100,9502.151272064748,5
2101,9481.624721746606,5
2102,9461.693102695956,5
2103,9442.354109837142,5
2104,9423.605540299388,5
2105,9405.445293164754,5
2106,9374.95645672046,5
2107,9345.085402425178,5
2108,9315.82938602333,5
2109,9287.185781840579,5
2110,9259.152082761304,5
2111,9230.112452600657,5
2112,9201.661082777346,5
2113,9173.798357555035,5
2114,9146.524864509673,5
2115,9119.84139806366,5
2116,9087.630883045977,5
2117,9055.920847516087,5
2118,9024.708714240898,5
2119,8993.992007490162,5
2120,8963.768352663787,5
2121,8929.94130763544,5
2122,8896.715938717572,5
2123,8864.090979070528,5
2124,8832.065399839541,5
2125,8800.63841215436,5
2126,8770.036080463267,5
2127,8739.796831455242,5
2128,8709.916747153346,5
2129,8680.39197963839,5
2130,8651.218749786056,5
2131,8620.781113187595,5
2132,8590.68113273611,5
2133,8560.915213122984,5
2134,8531.479820462215,5
2135,8502.371481286575,5
2136,8466.810432663124,5
2137,8431.625978563243,5
2138,8396.81485475392,5
2139,8362.373867336359,5
2140,8328.299891980674,5
2141,8293.002831051292,5
2142,8258.123477835112,5
2143,8223.659269875207,5
2144,8189.607737413706,5
2145,8155.966503440618,5
2146,8119.654606771994,5
2147,8083.692508533063,5
2148,8048.076893377358,5
2149,8012.804496560726,5
2150,7977.872103185454,5
2151,7943.093440859469,5
2152,7908.675423310799,5
2153,7874.61537038072,5
2154,7840.9106665951895,5
2155,7807.558760791082,5
2156,7770.46626176297,5
2157,7733.685810290496,5
2158,7697.214469034579,5
2159,7661.049340062365,5
2160,7625.187564269855,5
2161,7593.139161281057,5
2162,7561.4040740068485,5
2163,7529.980167621808,5
2164,7498.865364918554,5
2165,7468.0576460571,5
2166,7434.523109244697,5
2167,7401.245845871011,5
2168,7368.223549646102,5
2169,7335.453945385604,5
2170,7302.934788503212,5
2171,7265.3838819794455,5
2172,7228.213327075467,5
2173,7191.420379971123,5
2174,7155.002350365137,5
2175,7118.956600766042,5
2176,7078.759042769789,5
2177,7038.935093502775,5
2178,6999.481905585011,5
2179,6960.396685019879,5
2180,6921.676690546381,5
2181,6881.328746748324,5
2182,6841.318772137915,5
2183,6801.64330588692,5
2184,6762.298930695008,5
2185,6723.28227213866,5
2186,6679.7508025197685,5
2187,6636.652753991888,5
2188,6593.983781713884,5
2189,6551.739608566099,5
2190,6509.916023981144,5
2191,6469.020320273618,5
2192,6428.508102331574,5
2193,6388.375231818384,5
2194,6348.617633038448,5
2195,6309.231291861733,5
2196,6274.622780829872,5
2197,6240.273627123843,5
2198,6206.181373152259,5
2199,6172.34359252289,5
2200,6138.757889524376,5
2201,6105.413861929155,5
2202,6072.33247848437,5
2203,6039.51146751408,5
2204,6006.948584058973,5
2205,5974.641609509751,5
2206,5940.707511085411,5
2207,5907.182115905546,5
2208,5874.063510973183,5
2209,5841.349842080927,5
2210,5809.039313812964,5
2211,5770.779272931795,5
2212,5732.898111985489,5
2213,5695.392127588194,5
2214,5658.257665290756,5
2215,5621.491118927653,5
2216,5582.475670211725,5
2217,5543.854840167298,5
2218,5505.6241755058645,5
2219,5467.779284198548,5
2220,5430.315834563556,5
2221,5391.876032325283,5
2222,5353.816242621131,5
2223,5316.13279757807,5
2224,5278.822073153871,5
2225,5241.880488627863,5
2226,5206.964428503005,5
2227,5172.346268930023,5
2228,5138.023375461225,5
2229,5103.9931441806975,5
2230,5070.253001382297,5
2231,5036.428934730774,5
2232,5002.897441999813,5
2233,4969.656040092738,5
2234,4936.702272829964,5
2235,4904.033710682207,5
2236,4870.64509962205,5
2237,4837.616453919386,5
2238,4804.945290055731,5
2239,4772.629163311254,5
2240,4740.665667543945,5
2241,4705.916168459669,5
2242,4671.500917538207,5
2243,4637.416886816881,5
2244,4603.661092851784,5
2245,4570.230596383569,5
2246,4536.504521871293,5
2247,4503.107193857882,5
2248,4470.035261243811,5
2249,4437.285415298629,5
2250,4404.854389014207,5
2251,4372.074077363113,5
2252,4339.658189267634,5
2253,4307.602944840984,5
2254,4275.904615484427,5
2255,4244.559523201757,5
2256,4213.054263739014,5
2257,4181.9272119063135,5
2258,4151.17459954014,5
2259,4120.792713867853,5
2260,4090.777896831961,5
2261,4060.432689158015,5
2262,4030.3748960448884,5
2263,4000.6014909997216,5
2264,3971.1094834548708,5
2265,3941.895918310547,5
2266,3911.4644408214003,5
2267,3881.3228406358708,5
2268,3851.468113977113,5
2269,3821.8972918575228,5
2270,3792.607439657371,5
2271,3763.6745438605794,5
2272,3735.031008027189,5
2273,3706.673714797731,5
2274,3678.5995863145104,5
2275,3650.8055837092606,5
2276,3622.535548272088,5
2277,3594.549283967321,5
2278,3566.8438003844158,5
2279,3539.416142120167,5
2280,3512.2633883395056,5
2281,3487.117517879531,5
2282,3462.22753807113,5
2283,3437.5906552720967,5
2284,3413.2041166437557,5
2285,3389.065209532024,5
2286,3366.55305005881,5
2287,3344.250237202971,5
2288,3322.1546931511075,5
2289,3300.2643685699795,5
2290,3278.5772420706458,5
2291,3256.995695127052,5
2292,3235.6184553016988,5
2293,3214.443552657993,5
2294,3193.469039456172,5
2295,3172.692989895627,5
2296,3149.7495947042185,5
2297,3127.0225029811763,5
2298,3104.5094046566205,5
2299,3082.2080174721273,5
2300,3060.1160866161063,5
1750,NA,6
1751,NA,6
1752,NA,6
1753,NA,6
1754,NA,6
1755,NA,6
1756,NA,6
1757,NA,6
1758,NA,6
1759,NA,6
1760,NA,6
1761,NA,6
1762,NA,6
1763,NA,6
1764,NA,6
1765,NA,6
1766,NA,6
1767,NA,6
1768,NA,6
1769,NA,6
1770,NA,6
1771,NA,6
1772,NA,6
1773,NA,6
1774,NA,6
1775,NA,6
1776,NA,6
1777,NA,6
1778,NA,6
1779,NA,6
1780,NA,6
1781,NA,6
1782,NA,6
1783,NA,6
1784,NA,6
1785,NA,6
1786,NA,6
1787,NA,6
1788,NA,6
1789,NA,6
1790,NA,6
1791,NA,6
1792,NA,6
1793,NA,6
1794,NA,6
1795,NA,6
1796,NA,6
1797,NA,6
1798,NA,6
1799,NA,6
1800,NA,6
1801,NA,6
1802,NA,6
1803,NA,6
1804,NA,6
1805,NA,6
1806,NA,6
1807,NA,6
1808,NA,6
1809,NA,6
1810,NA,6
1811,NA,6
1812,NA,6
1813,NA,6
1814,NA,6
1815,NA,6
1816,NA,6
1817,NA,6
1818,NA,6
1819,NA,6
1820,NA,6
1821,NA,6
1822,NA,6
1823,NA,6
1824,NA,6
1825,NA,6
1826,NA,6
1827,NA,6
1828,NA,6
1829,NA,6
1830,NA,6
1831,NA,6
1832,NA,6
1833,NA,6
1834,NA,6
1835,NA,6
1836,NA,6
1837,NA,6
1838,NA,6
1839,NA,6
1840,NA,6
1841,NA,6
1842,NA,6
1843,NA,6
1844,NA,6
1845,NA,6
1846,NA,6
1847,NA,6
1848,NA,6
1849,NA,6
1850,NA,6
1851,NA,6
1852,NA,6
1853,NA,6
1854,NA,6
1855,NA,6
1856,NA,6
1857,NA,6
1858,NA,6
1859,NA,6
1860,NA,6
1861,NA,6
1862,NA,6
1863,NA,6
1864,NA,6
1865,NA,6
1866,NA,6
1867,NA,6
1868,NA,6
1869,NA,6
1870,NA,6
1871,NA,6
1872,NA,6
1873,NA,6
1874,NA,6
1875,NA,6
1876,NA,6
1877,NA,6
1878,NA,6
1879,NA,6
1880,NA,6
1881,NA,6
1882,NA,6
1883,NA,6
1884,NA,6
1885,NA,6
1886,NA,6
1887,NA,6
1888,NA,6
1889,NA,6
1890,NA,6
1891,NA,6
1892,NA,6
1893,NA,6
1894,NA,6
1895,NA,6
1896,NA,6
1897,NA,6
1898,NA,6
1899,NA,6
1900,NA,6
1901,NA,6
1902,NA,6
1903,NA,6
1904,NA,6
1905,NA,6
1906,NA,6
1907,NA,6
1908,NA,6
1909,NA,6
1910,NA,6
1911,NA,6
1912,NA,6
1913,NA,6
1914,NA,6
1915,NA,6
1916,NA,6
1917,NA,6
1918,NA,6
1919,NA,6
1920,NA,6
1921,NA,6
1922,NA,6
1923,NA,6
1924,NA,6
1925,NA,6
1926,NA,6
1927,NA,6
1928,NA,6
1929,NA,6
1930,NA,6
1931,NA,6
1932,NA,6
1933,NA,6
1934,NA,6
1935,NA,6
1936,NA,6
1937,NA,6
1938,NA,6
1939,NA,6
1940,NA,6
1941,NA,6
1942,NA,6
1943,NA,6
1944,NA,6
1945,NA,6
1946,NA,6
1947,NA,6
1948,NA,6
1949,NA,6
1950,NA,6
1951,NA,6
1952,NA,6
1953,NA,6
1954,NA,6
1955,NA,6
1956,NA,6
1957,NA,6
1958,NA,6
1959,NA,6
1960,NA,6
1961,NA,6
1962,NA,6
1963,NA,6
1964,NA,6
1965,NA,6
1966,NA,6
1967,NA,6
1968,NA,6
1969,NA,6
1970,NA,6
1971,NA,6
1972,NA,6
1973,NA,6
1974,NA,6
1975,NA,6
1976,NA,6
1977,NA,6
1978,NA,6
1979,NA,6
1980,NA,6
1981,NA,6
1982,NA,6
1983,NA,6
1984,NA,6
1985,NA,6
1986,NA,6
1987,NA,6
1988,NA,6
1989,NA,6
1990,NA,6
1991,NA,6
1992,NA,6
1993,NA,6
1994,NA,6
1995,NA,6
1996,NA,6
1997,NA,6
1998,NA,6
1999,NA,6
2000,NA,6
2001,NA,6
2002,NA,6
2003,NA,6
2004,NA,6
2005,NA,6
2006,NA,6
2007,NA,6
2008,NA,6
2009,NA,6
2010,NA,6
2011,NA,6
2012,NA,6
2013,NA,6
2014,NA,6
2015,NA,6
2016,NA,6
2017,NA,6
2018,NA,6
2019,NA,6
2020,7752.698916000001,6
2021,7827.4872555302245,6
2022,7903.903478112557,6
2023,7981.999749908642,6
2024,8061.830553988135,6
2025,8143.452817841973,6
2026,8211.228313222275,6
2027,8280.41301348576,6
2028,8351.04909906302,6
2029,8423.180628731669,6
2030,8496.85365002213,6
2031,8556.938806510489,6
2032,8618.272844582927,6
2033,8680.885496235192,6
2034,8744.807378099942,6
2035,8810.070020629588,6
2036,8865.788454390942,6
2037,8922.681300968536,6
2038,8980.775718732142,6
2039,9040.099646585211,6
2040,9100.681828568702,6
2041,9155.578513843766,6
2042,9211.781705144054,6
2043,9269.328176922674,6
2044,9328.25623750748,6
2045,9388.605807342516,6
2046,9441.416024910466,6
2047,9495.206185138364,6
2048,9549.995509085264,6
2049,9605.803689261611,6
2050,9662.650901911047,6
2051,9709.621234475924,6
2052,9757.650259597038,6
2053,9806.758532433018,6
2054,9856.967102986795,6
2055,9908.297528355257,6
2056,9948.83626244667,6
2057,9990.413121897747,6
2058,10033.047662473407,6
2059,10076.75991256517,6
2060,10121.570384507875,6
2061,10152.886909203207,6
2062,10185.205341667748,6
2063,10218.542795043239,6
2064,10252.916791066125,6
2065,10288.345269338832,6
2066,10307.43909755503,6
2067,10327.328331213857,6
2068,10348.02344244829,6
2069,10369.535149838372,6
2070,10391.874423616131,6
2071,10404.752578233663,6
2072,10418.510845073017,6
2073,10433.159080189902,6
2074,10448.707389692985,6
2075,10465.166134287985,6
2076,10479.11945483257,6
2077,10494.020204394803,6
2078,10509.879052542346,6
2079,10526.706933663832,6
2080,10544.515051315519,6
2081,10562.087273069224,6
2082,10580.871535676812,6
2083,10600.887931577678,6
2084,10622.157217411295,6
2085,10644.700834504407,6
2086,10663.277658213077,6
2087,10682.861071701127,6
2088,10703.460434439854,6
2089,10725.085367876436,6
2090,10747.7457585609,6
2091,10760.477473286466,6
2092,10774.140801808217,6
2093,10788.743832909922,6
2094,10804.294881045922,6
2095,10820.802489707317,6
2096,10834.515195932943,6
2097,10849.209289829376,6
2098,10864.891565664984,6
2099,10881.569037698873,6
2100,10899.248942752001,6
2101,10915.223487701121,6
2102,10932.097350592061,6
2103,10949.876172734477,6
2104,10968.565784491204,6
2105,10988.172206867059,6
2106,11001.465794715832,6
2107,11015.652478195476,6
2108,11030.736117961647,6
2109,11046.720750939377,6
2110,11063.610591147622,6
2111,11076.090503645248,6
2112,11089.500818145709,6
2113,11103.845022208909,6
2114,11119.12680769512,6
2115,11135.350071388115,6
2116,11150.332419780072,6
2117,11166.16929498816,6
2118,11182.863500863074,6
2119,11200.417999614965,6
2120,11218.835912332492,6
2121,11226.472501071501,6
2122,11234.886813017414,6
2123,11244.07999380118,6
2124,11254.053343629186,6
2125,11264.808317116987,6
2126,11275.442663994292,6
2127,11286.978715277317,6
2128,11299.418069950674,6
2129,11312.762541030954,6
2130,11327.014155609957,6
2131,11338.509937626888,6
2132,11350.871865023253,6
2133,11364.104164565786,6
2134,11378.211381260111,6
2135,11393.198382626846,6
2136,11406.349126863524,6
2137,11420.266369643958,6
2138,11434.949949653674,6
2139,11450.399843305933,6
2140,11466.616163576948,6
2141,11483.101893530964,6
2142,11500.386999687002,6
2143,11518.472319957806,6
2144,11537.358845183975,6
2145,11557.047718396667,6
2146,11575.597881942851,6
2147,11594.837471452505,6
2148,11614.766536981215,6
2149,11635.385244615803,6
2150,11656.693875703828,6
2151,11674.631320800043,6
2152,11693.180731399038,6
2153,11712.34182948345,6
2154,11732.114429908894,6
2155,11752.498439895806,6
2156,11770.235341217523,6
2157,11788.480804882573,6
2158,11807.235029582513,6
2159,11826.498276240658,6
2160,11846.270867942008,6
2161,11865.397179926846,6
2162,11885.067556729779,6
2163,11905.281974297372,6
2164,11926.04047040812,6
2165,11947.343144370041,6
2166,11973.944868980543,6
2167,12001.104470000155,6
2168,12028.824296862398,6
2169,12057.10681669213,6
2170,12085.95461704858,6
2171,12106.579603240581,6
2172,12127.710116185599,6
2173,12149.347419654041,6
2174,12171.492837908107,6
2175,12194.147755800666,6
2176,12211.492019553598,6
2177,12229.320435924708,6
2178,12247.633965229545,6
2179,12266.43363878427,6
2180,12285.720559185796,6
2181,12305.107851476308,6
2182,12325.007768728521,6
2183,12345.422119743416,6
2184,12366.352787463713,6
2185,12387.801729698918,6
2186,12410.621116190476,6
2187,12433.922820677204,6
2188,12457.708545666397,6
2189,12481.98005554017,6
2190,12506.73917706583,6
2191,12530.93822582607,6
2192,12555.563517241733,6
2193,12580.616556305742,6
2194,12606.098896813302,6
2195,12632.01214159479,6
2196,12652.851122305803,6
2197,12674.132416167922,6
2198,12695.85715704578,6
2199,12718.02652475361,6
2200,12740.64174522246,6
2201,12774.483881381397,6
2202,12808.854657552383,6
2203,12843.75773879284,6
2204,12879.196874281288,6
2205,12915.175898772952,6
2206,12948.565284676497,6
2207,12982.440658379086,6
2208,13016.804873533412,6
2209,13051.660846129846,6
2210,13087.011555316774,6
2211,13120.379811121617,6
2212,13154.291084197088,6
2213,13188.748259614915,6
2214,13223.754296973937,6
2215,13259.312230904585,6
2216,13294.867258795102,6
2217,13330.889586872829,6
2218,13367.38354588777,6
2219,13404.353565689767,6
2220,13441.804177247606,6
2221,13472.205988951544,6
2222,13503.086448613662,6
2223,13534.451326462839,6
2224,13566.306552984914,6
2225,13598.658223008248,6
2226,13625.886284554032,6
2227,13653.442693798723,6
2228,13681.328192733246,6
2229,13709.543541517654,6
2230,13738.089518497542,6
2231,13767.899752947893,6
2232,13798.14808831826,6
2233,13828.838435559172,6
2234,13859.974796031118,6
2235,13891.561263129995,6
2236,13916.434986320031,6
2237,13941.693667471558,6
2238,13967.341268707125,6
2239,13993.381851749988,6
2240,14019.819580234476,6
2241,14042.647324918453,6
2242,14065.779674583118,6
2243,14089.217918053731,6
2244,14112.963369402114,6
2245,14137.017368030229,6
2246,14157.876569617421,6
2247,14179.147266405333,6
2248,14200.832471475944,6
2249,14222.93527896214,6
2250,14245.458865353972,6
2251,14267.548644295588,6
2252,14290.271955831564,6
2253,14313.634098488099,6
2254,14337.640512420241,6
2255,14362.29678151065,6
2256,14383.157538810601,6
2257,14404.28779737804,6
2258,14425.688883030609,6
2259,14447.362150809005,6
2260,14469.308985466412,6
2261,14493.73070231332,6
2262,14518.392665642454,6
2263,14543.296158893212,6
2264,14568.442490361953,6
2265,14593.832993589282,6
2266,14622.572743037803,6
2267,14651.727907409268,6
2268,14681.300257629933,6
2269,14711.291620420909,6
2270,14741.703879023959,6
2271,14769.58208821587,6
2272,14797.851040035397,6
2273,14826.5137092819,6
2274,14855.573167072413,6
2275,14885.032583379681,6
2276,14908.108658542908,6
2277,14931.747478422052,6
2278,14955.952751854544,6
2279,14980.72830028061,6
2280,15006.078059217742,6
2281,15032.597458385415,6
2282,15059.524687764333,6
2283,15086.8613352586,6
2284,15114.609043896535,6
2285,15142.76951264957,6
2286,15165.795519318479,6
2287,15189.171091241793,6
2288,15212.896764119438,6
2289,15236.97311687332,6
2290,15261.400771846182,6
2291,15287.663477274089,6
2292,15314.315609093577,6
2293,15341.357383940807,6
2294,15368.789060433084,6
2295,15396.610939235381,6
2296,15424.6008608106,6
2297,15452.999183500297,6
2298,15481.807903709356,6
2299,15511.029095760137,6
2300,15540.664913314946,6
1750,NA,7
1751,NA,7
1752,NA,7
1753,NA,7
1754,NA,7
1755,NA,7
1756,NA,7
1757,NA,7
1758,NA,7
1759,NA,7
1760,NA,7
1761,NA,7
1762,NA,7
1763,NA,7
1764,NA,7
1765,NA,7
1766,NA,7
1767,NA,7
1768,NA,7
1769,NA,7
1770,NA,7
1771,NA,7
1772,NA,7
1773,NA,7
1774,NA,7
1775,NA,7
1776,NA,7
1777,NA,7
1778,NA,7
1779,NA,7
1780,NA,7
1781,NA,7
1782,NA,7
1783,NA,7
1784,NA,7
1785,NA,7
1786,NA,7
1787,NA,7
1788,NA,7
1789,NA,7
1790,NA,7
1791,NA,7
1792,NA,7
1793,NA,7
1794,NA,7
1795,NA,7
1796,NA,7
1797,NA,7
1798,NA,7
1799,NA,7
1800,NA,7
1801,NA,7
1802,NA,7
1803,NA,7
1804,NA,7
1805,NA,7
1806,NA,7
1807,NA,7
1808,NA,7
1809,NA,7
1810,NA,7
1811,NA,7
1812,NA,7
1813,NA,7
1814,NA,7
1815,NA,7
1816,NA,7
1817,NA,7
1818,NA,7
1819,NA,7
1820,NA,7
1821,NA,7
1822,NA,7
1823,NA,7
1824,NA,7
1825,NA,7
1826,NA,7
1827,NA,7
1828,NA,7
1829,NA,7
1830,NA,7
1831,NA,7
1832,NA,7
1833,NA,7
1834,NA,7
1835,NA,7
1836,NA,7
1837,NA,7
1838,NA,7
1839,NA,7
1840,NA,7
1841,NA,7
1842,NA,7
1843,NA,7
1844,NA,7
1845,NA,7
1846,NA,7
1847,NA,7
1848,NA,7
1849,NA,7
1850,NA,7
1851,NA,7
1852,NA,7
1853,NA,7
1854,NA,7
1855,NA,7
1856,NA,7
1857,NA,7
1858,NA,7
1859,NA,7
1860,NA,7
1861,NA,7
1862,NA,7
1863,NA,7
1864,NA,7
1865,NA,7
1866,NA,7
1867,NA,7
1868,NA,7
1869,NA,7
1870,NA,7
1871,NA,7
1872,NA,7
1873,NA,7
1874,NA,7
1875,NA,7
1876,NA,7
1877,NA,7
1878,NA,7
1879,NA,7
1880,NA,7
1881,NA,7
1882,NA,7
1883,NA,7
1884,NA,7
1885,NA,7
1886,NA,7
1887,NA,7
1888,NA,7
1889,NA,7
1890,NA,7
1891,NA,7
1892,NA,7
1893,NA,7
1894,NA,7
1895,NA,7
1896,NA,7
1897,NA,7
1898,NA,7
1899,NA,7
1900,NA,7
1901,NA,7
1902,NA,7
1903,NA,7
1904,NA,7
1905,NA,7
1906,NA,7
1907,NA,7
1908,NA,7
1909,NA,7
1910,NA,7
1911,NA,7
1912,NA,7
1913,NA,7
1914,NA,7
1915,NA,7
1916,NA,7
1917,NA,7
1918,NA,7
1919,NA,7
1920,NA,7
1921,NA,7
1922,NA,7
1923,NA,7
1924,NA,7
1925,NA,7
1926,NA,7
1927,NA,7
1928,NA,7
1929,NA,7
1930,NA,7
1931,NA,7
1932,NA,7
1933,NA,7
1934,NA,7
1935,NA,7
1936,NA,7
1937,NA,7
1938,NA,7
1939,NA,7
1940,NA,7
1941,NA,7
1942,NA,7
1943,NA,7
1944,NA,7
1945,NA,7
1946,NA,7
1947,NA,7
1948,NA,7
1949,NA,7
1950,NA,7
1951,NA,7
1952,NA,7
1953,NA,7
1954,NA,7
1955,NA,7
1956,NA,7
1957,NA,7
1958,NA,7
1959,NA,7
1960,NA,7
1961,NA,7
1962,NA,7
1963,NA,7
1964,NA,7
1965,NA,7
1966,NA,7
1967,NA,7
1968,NA,7
1969,NA,7
1970,NA,7
1971,NA,7
1972,NA,7
1973,NA,7
1974,NA,7
1975,NA,7
1976,NA,7
1977,NA,7
1978,NA,7
1979,NA,7
1980,NA,7
1981,NA,7
1982,NA,7
1983,NA,7
1984,NA,7
1985,NA,7
1986,NA,7
1987,NA,7
1988,NA,7
1989,NA,7
1990,NA,7
1991,NA,7
1992,NA,7
1993,NA,7
1994,NA,7
1995,NA,7
1996,NA,7
1997,NA,7
1998,NA,7
1999,NA,7
2000,NA,7
2001,NA,7
2002,NA,7
2003,NA,7
2004,NA,7
2005,NA,7
2006,NA,7
2007,NA,7
2008,NA,7
2009,NA,7
2010,NA,7
2011,NA,7
2012,NA,7
2013,NA,7
2014,NA,7
2015,NA,7
2016,NA,7
2017,NA,7
2018,NA,7
2019,NA,7
2020,7752.698916000001,7
2021,7822.140756507109,7
2022,7892.849368130551,7
2023,7964.854758334476,7
2024,8038.187797463861,7
2025,8112.880247180104,7
2026,8178.120525872883,7
2027,8244.610642763797,7
2028,8312.381599387365,7
2029,8381.465371330358,7
2030,8451.894943797257,7
2031,8511.601316401753,7
2032,8572.51863066077,7
2033,8634.675524775426,7
2034,8698.101473614013,7
2035,8762.826815965222,7
2036,8818.465261228244,7
2037,8875.190390171198,7
2038,8933.025237421449,7
2039,8991.993499854212,7
2040,9052.119558778422,7
2041,9104.577858392058,7
2042,9158.046493301797,7
2043,9212.54419299355,7
2044,9268.090132451527,7
2045,9324.703943438166,7
2046,9364.246542980083,7
2047,9404.808607961433,7
2048,9446.414851637914,7
2049,9489.09103286784,7
2050,9532.86401138165,7
2051,9571.521759506903,7
2052,9611.05231620098,7
2053,9651.472042044079,7
2054,9692.797778209786,7
2055,9735.046862788964,7
2056,9772.296300728149,7
2057,9810.33563935632,7
2058,9849.176634956402,7
2059,9888.831286988483,7
2060,9929.311843093223,7
2061,9955.332840978403,7
2062,9982.054341153464,7
2063,10009.48524549686,7
2064,10037.634651846822,7
2065,10066.511857974365,7
2066,10087.19240025787,7
2067,10108.720808444163,7
2068,10131.114549336944,7
2069,10154.39177645058,7
2070,10178.571359260819,7
2071,10194.257185112705,7
2072,10210.833920780955,7
2073,10228.318498157829,7
2074,10246.728515603925,7
2075,10266.082264516032,7
2076,10276.671238445964,7
2077,10287.956622924994,7
2078,10299.945529541626,7
2079,10312.645268924534,7
2080,10326.063354852755,7
2081,10331.488190301061,7
2082,10337.724235833753,7
2083,10344.785668660363,7
2084,10352.687260701705,7
2085,10361.444401773422,7
2086,10355.750862500978,7
2087,10350.679290887245,7
2088,10346.23680951691,7
2089,10342.430808795309,7
2090,10339.268954291214,7
2091,10333.580845832805,7
2092,10328.502746104276,7
2093,10324.042458299977,7
2094,10320.208069336932,7
2095,10317.007957656711,7
2096,10306.896801896264,7
2097,10297.047338335775,7
2098,10287.459144445444,7
2099,10278.131820550769,7
2100,10269.064989815208,7
2101,10257.241165192181,7
2102,10245.793325776296,7
2103,10234.721750380199,7
2104,10224.026764477438,7
2105,10213.708740486312,7
2106,10198.263773072891,7
2107,10183.218036162587,7
2108,10168.57120077114,7
2109,10154.322992099835,7
2110,10140.473189878514,7
2111,10121.293405752916,7
2112,10102.485745372649,7
2113,10084.049444541592,7
2114,10065.983786610524,7
2115,10048.288102515802,7
2116,10024.122195745795,7
2117,10000.20608788192,7
2118,9976.538320997732,7
2119,9953.117459683403,7
2120,9929.942090780678,7
2121,9903.459283853837,7
2122,9877.249441768005,7
2123,9851.310843031071,7
2124,9825.641790954889,7
2125,9800.240613320702,7
2126,9776.803168104214,7
2127,9753.837301325899,7
2128,9731.34471045659,7
2129,9709.327226675303,7
2130,9687.786816688093,7
2131,9656.627431928116,7
2132,9625.801413236783,7
2133,9595.307317352352,7
2134,9565.143738562409,7
2135,9535.309308422022,7
2136,9503.980727729773,7
2137,9472.939228644014,7
2138,9442.18323711905,7
2139,9411.711200285265,7
2140,9381.52158625113,7
2141,9342.17024761722,7
2142,9303.171581698778,7
2143,9264.523229967996,7
2144,9226.22286858193,7
2145,9188.268208181433,7
2146,9152.725525081525,7
2147,9117.534369483295,7
2148,9082.692635929447,7
2149,9048.198253900844,7
2150,9014.049187491886,7
2151,8974.678088798804,7
2152,8935.748978899968,7
2153,8897.25939532948,7
2154,8859.206940222999,7
2155,8821.589279703012,7
2156,8783.30631197091,7
2157,8745.443596702915,7
2158,8707.998477454015,7
2159,8670.968362900392,7
2160,8634.350726035942,7
2161,8597.843418870238,7
2162,8561.846200202965,7
2163,8526.358566315941,7
2164,8491.380121303378,7
2165,8456.910577153538,7
2166,8415.852509567585,7
2167,8375.409782622799,7
2168,8335.582043368091,7
2169,8296.369080967334,7
2170,8257.770826963791,7
2171,8215.289677278384,7
2172,8173.174563050829,7
2173,8131.422068037925,7
2174,8090.028836386113,7
2175,8048.991571278722,7
2176,8006.41874429646,7
2177,7964.455380475825,7
2178,7923.098712010483,7
2179,7882.34609151146,7
2180,7842.194990936957,7
2181,7796.183323162031,7
2182,7751.131809726185,7
2183,7707.042191371913,7
2184,7663.916527200153,7
2185,7621.757197709164,7
2186,7580.33563181585,7
2187,7539.84875360631,7
2188,7500.298881775922,7
2189,7461.688629184488,7
2190,7424.020905968066,7
2191,7384.866544228804,7
2192,7346.569002179914,7
2193,7309.129006144676,7
2194,7272.547495357372,7
2195,7236.825623512124,7
2196,7197.971101714345,7
2197,7160.0745878143025,7
2198,7123.137530150812,7
2199,7087.161638779859,7
2200,7052.148887855906,7
2201,7012.16799642624,7
2202,6972.683743345744,7
2203,6933.691811960202,7
2204,6895.18795046363,7
2205,6857.167971073258,7
2206,6815.863539801316,7
2207,6774.89951425862,7
2208,6734.272844775334,7
2209,6693.980518758811,7
2210,6654.019560204261,7
2211,6610.792515275097,7
2212,6568.2800079739545,7
2213,6526.475797364487,7
2214,6485.373760984576,7
2215,6444.967893363645,7
2216,6404.688030340435,7
2217,6364.73845155058,7
2218,6325.115845843809,7
2219,6285.816945798097,7
2220,6246.838526996048,7
2221,6206.9742709404945,7
2222,6167.673949662762,7
2223,6128.931468614571,7
2224,6090.740843057532,7
2225,6053.096195971308,7
2226,6013.904171210607,7
2227,5975.467104618127,7
2228,5937.779157009716,7
2229,5900.834622334247,7
2230,5864.627926214289,7
2231,5829.331782714193,7
2232,5794.327221951927,7
2233,5759.611447142561,7
2234,5725.181693573498,7
2235,5691.035228181797,7
2236,5656.726358727667,7
2237,5622.859123156471,7
2238,5589.429353150015,7
2239,5556.432934421197,7
2240,5523.8658060343,7
2241,5487.474070124646,7
2242,5451.497530910629,7
2243,5415.931894899397,7
2244,5380.772918347993,7
2245,5346.016406664669,7
2246,5312.80897624171,7
2247,5280.53610179981,7
2248,5249.193591133893,7
2249,5218.777451641221,7
2250,5189.283889638472,7
2251,5158.070150446619,7
2252,5127.166538221938,7
2253,5096.5698250109035,7
2254,5066.276824134543,7
2255,5036.284389695436,7
2256,5005.939100555887,7
2257,4975.83718635248,7
2258,4945.976966362495,7
2259,4916.356779251857,7
2260,4886.974982967283,7
2261,4858.785938674705,7
2262,4830.80583434319,7
2263,4803.032940874173,7
2264,4775.465546183667,7
2265,4748.1019550235915,7
2266,4720.2657493154575,7
2267,4692.766252761936,7
2268,4665.5992892371505,7
2269,4638.76074431058,7
2270,4612.24656435703,7
2271,4585.799653194961,7
2272,4559.569960232337,7
2273,4533.555731969651,7
2274,4507.755232050928,7
2275,4482.166741096306,7
2276,4459.583632385937,7
2277,4437.144744710377,7
2278,4414.849016719022,7
2279,4392.695397309524,7
2280,4370.682845517246,7
2281,4348.349304501775,7
2282,4326.230617334127,7
2283,4304.324921037295,7
2284,4282.630373614462,7
2285,4261.145153846647,7
2286,4236.749221172634,7
2287,4212.565764142084,7
2288,4188.593077359296,7
2289,4164.829477073766,7
2290,4141.273301058175,7
2291,4117.367847387984,7
2292,4093.6785263611964,7
2293,4070.2033660116062,7
2294,4046.9404192116754,7
2295,4023.8877633974785,7
2296,3999.180140441599,7
2297,3974.660705593033,7
2298,3950.32789181107,7
2299,3926.1801473784963,7
2300,3902.2159357433447,7
1750,NA,8
1751,NA,8
1752,NA,8
1753,NA,8
1754,NA,8
1755,NA,8
1756,NA,8
1757,NA,8
1758,NA,8
1759,NA,8
1760,NA,8
1761,NA,8
1762,NA,8
1763,NA,8
1764,NA,8
1765,NA,8
1766,NA,8
1767,NA,8
1768,NA,8
1769,NA,8
1770,NA,8
1771,NA,8
1772,NA,8
1773,NA,8
1774,NA,8
1775,NA,8
1776,NA,8
1777,NA,8
1778,NA,8
1779,NA,8
1780,NA,8
1781,NA,8
1782,NA,8
1783,NA,8
1784,NA,8
1785,NA,8
1786,NA,8
1787,NA,8
1788,NA,8
1789,NA,8
1790,NA,8
1791,NA,8
1792,NA,8
1793,NA,8
1794,NA,8
1795,NA,8
1796,NA,8
1797,NA,8
1798,NA,8
1799,NA,8
1800,NA,8
1801,NA,8
1802,NA,8
1803,NA,8
1804,NA,8
1805,NA,8
1806,NA,8
1807,NA,8
1808,NA,8
1809,NA,8
1810,NA,8
1811,NA,8
1812,NA,8
1813,NA,8
1814,NA,8
1815,NA,8
1816,NA,8
1817,NA,8
1818,NA,8
1819,NA,8
1820,NA,8
1821,NA,8
1822,NA,8
1823,NA,8
1824,NA,8
1825,NA,8
1826,NA,8
1827,NA,8
1828,NA,8
1829,NA,8
1830,NA,8
1831,NA,8
1832,NA,8
1833,NA,8
1834,NA,8
1835,NA,8
1836,NA,8
1837,NA,8
1838,NA,8
1839,NA,8
1840,NA,8
1841,NA,8
1842,NA,8
1843,NA,8
1844,NA,8
1845,NA,8
1846,NA,8
1847,NA,8
1848,NA,8
1849,NA,8
1850,NA,8
1851,NA,8
1852,NA,8
1853,NA,8
1854,NA,8
1855,NA,8
1856,NA,8
1857,NA,8
1858,NA,8
1859,NA,8
1860,NA,8
1861,NA,8
1862,NA,8
1863,NA,8
1864,NA,8
1865,NA,8
1866,NA,8
1867,NA,8
1868,NA,8
1869,NA,8
1870,NA,8
1871,NA,8
1872,NA,8
1873,NA,8
1874,NA,8
1875,NA,8
1876,NA,8
1877,NA,8
1878,NA,8
1879,NA,8
1880,NA,8
1881,NA,8
1882,NA,8
1883,NA,8
1884,NA,8
1885,NA,8
1886,NA,8
1887,NA,8
1888,NA,8
1889,NA,8
1890,NA,8
1891,NA,8
1892,NA,8
1893,NA,8
1894,NA,8
1895,NA,8
1896,NA,8
1897,NA,8
1898,NA,8
1899,NA,8
1900,NA,8
1901,NA,8
1902,NA,8
1903,NA,8
1904,NA,8
1905,NA,8
1906,NA,8
1907,NA,8
1908,NA,8
1909,NA,8
1910,NA,8
1911,NA,8
1912,NA,8
1913,NA,8
1914,NA,8
1915,NA,8
1916,NA,8
1917,NA,8
1918,NA,8
1919,NA,8
1920,NA,8
1921,NA,8
1922,NA,8
1923,NA,8
1924,NA,8
1925,NA,8
1926,NA,8
1927,NA,8
1928,NA,8
1929,NA,8
1930,NA,8
1931,NA,8
1932,NA,8
1933,NA,8
1934,NA,8
1935,NA,8
1936,NA,8
1937,NA,8
1938,NA,8
1939,NA,8
1940,NA,8
1941,NA,8
1942,NA,8
1943,NA,8
1944,NA,8
1945,NA,8
1946,NA,8
1947,NA,8
1948,NA,8
1949,NA,8
1950,NA,8
1951,NA,8
1952,NA,8
1953,NA,8
1954,NA,8
1955,NA,8
1956,NA,8
1957,NA,8
1958,NA,8
1959,NA,8
1960,NA,8
1961,NA,8
1962,NA,8
1963,NA,8
1964,NA,8
1965,NA,8
1966,NA,8
1967,NA,8
1968,NA,8
1969,NA,8
1970,NA,8
1971,NA,8
1972,NA,8
1973,NA,8
1974,NA,8
1975,NA,8
1976,NA,8
1977,NA,8
1978,NA,8
1979,NA,8
1980,NA,8
1981,NA,8
1982,NA,8
1983,NA,8
1984,NA,8
1985,NA,8
1986,NA,8
1987,NA,8
1988,NA,8
1989,NA,8
1990,NA,8
1991,NA,8
1992,NA,8
1993,NA,8
1994,NA,8
1995,NA,8
1996,NA,8
1997,NA,8
1998,NA,8
1999,NA,8
2000,NA,8
2001,NA,8
2002,NA,8
2003,NA,8
2004,NA,8
2005,NA,8
2006,NA,8
2007,NA,8
2008,NA,8
2009,NA,8
2010,NA,8
2011,NA,8
2012,NA,8
2013,NA,8
2014,NA,8
2015,NA,8
2016,NA,8
2017,NA,8
2018,NA,8
2019,NA,8
2020,7752.698916000001,8
2021,7828.373963118647,8
2022,7905.5257406480005,8
2023,7984.190213754332,8
2024,8064.404469875329,8
2025,8146.206759958049,8
2026,8216.84698051989,8
2027,8288.776871505881,8
2028,8362.023580583389,8
2029,8436.614938012686,8
2030,8512.579475097584,8
2031,8577.502685668644,8
2032,8643.627580374043,8
2033,8710.978953554544,8
2034,8779.582248715935,8
2035,8849.463578772848,8
2036,8906.628651291227,8
2037,8964.867246125927,8
2038,9024.199289407043,8
2039,9084.645178870398,8
2040,9146.225795580252,8
2041,9198.24952868567,8
2042,9251.439366342116,8
2043,9305.818062576696,8
2044,9361.40897081947,8
2045,9418.236060786787,8
2046,9466.40178047828,8
2047,9515.722300701013,8
2048,9566.221333474086,8
2049,9617.9233040847,8
2050,9670.853373887168,8
2051,9712.228526165967,8
2052,9754.664558162138,8
2053,9798.1784081361,8
2054,9842.78745270007,8
2055,9888.509517447555,8
2056,9926.42359389596,8
2057,9965.448349816932,8
2058,10005.604110197768,8
2059,10046.911843924094,8
2060,10089.393184244338,8
2061,10123.46204732967,8
2062,10158.55543758642,8
2063,10194.689106600508,8
2064,10231.879220525425,8
2065,10270.142369608206,8
2066,10296.867218734169,8
2067,10324.59347143799,8
2068,10353.336236596637,8
2069,10383.111028084617,8
2070,10413.933774132787,8
2071,10438.314797806688,8
2072,10463.600542943657,8
2073,10489.803800871325,8
2074,10516.937705300143,8
2075,10545.015739955092,8
2076,10563.177631975872,8
2077,10582.105900313833,8
2078,10601.808726687841,8
2079,10622.294503351808,8
2080,10643.571836522235,8
2081,10660.519219725264,8
2082,10678.328687793773,8
2083,10697.010858573058,8
2084,10716.576646341302,8
2085,10737.03726743306,8
2086,10755.550842207029,8
2087,10774.951060966301,8
2088,10795.25009353911,8
2089,10816.460445160223,8
2090,10838.594964166383,8
2091,10856.516443170942,8
2092,10875.272861908108,8
2093,10894.874385144818,8
2094,10915.33143060635,8
2095,10936.654673064368,8
2096,10949.906442443094,8
2097,10963.821533927718,8
2098,10978.405629015488,8
2099,10993.664554858582,8
2100,11009.604285708143,8
2101,11029.913981203114,8
2102,11050.994994919864,8
2103,11072.85636290402,8
2104,11095.507319570464,8
2105,11118.957300530437,8
2106,11136.959808547392,8
2107,11155.674181501003,8
2108,11175.107681357676,8
2109,11195.267733365195,8
2110,11216.161928010812,8
2111,11226.003544411062,8
2112,11236.419262419044,8
2113,11247.413272730071,8
2114,11258.989865957079,8
2115,11271.15343350483,8
2116,11274.970727941018,8
2117,11279.592097726176,8
2118,11285.025776499248,8
2119,11291.280230600049,8
2120,11298.36416270972,8
2121,11304.902395454164,8
2122,11311.980118748788,8
2123,11319.600422915395,8
2124,11327.766475014958,8
2125,11336.48151942117,8
2126,11345.260712110272,8
2127,11354.57173288099,8
2128,11364.417518496288,8
2129,11374.801072266759,8
2130,11385.725464543222,8
2131,11395.399610887076,8
2132,11405.627257094227,8
2133,11416.41094238839,8
2134,11427.753315144282,8
2135,11439.657133879087,8
2136,11446.923082060266,8
2137,11454.659355753414,8
2138,11462.867095023781,8
2139,11471.547492764583,8
2140,11480.70179485678,8
2141,11489.51870447655,8
2142,11498.825897289604,8
2143,11508.62528380503,8
2144,11518.918830425777,8
2145,11529.708559706047,8
2146,11539.720107287863,8
2147,11550.46308105423,8
2148,11561.946446861679,8
2149,11574.179504025691,8
2150,11587.17189555374,8
2151,11604.068042718394,8
2152,11621.670199483133,8
2153,11639.98419417112,8
2154,11659.015987647808,8
2155,11678.771674840065,8
2156,11698.63259707695,8
2157,11719.081877932058,8
2158,11740.122437056214,8
2159,11761.757269996597,8
2160,11783.989448440454,8
2161,11803.248916841336,8
2162,11823.121153617429,8
2163,11843.609123781156,8
2164,11864.715893529508,8
2165,11886.444630621527,8
2166,11894.596357620194,8
2167,11903.302476816036,8
2168,11912.564128873872,8
2169,11922.382523916924,8
2170,11932.75894153752,8
2171,11936.627928137334,8
2172,11941.035429424044,8
2173,11945.983783871954,8
2174,11951.475439401931,8
2175,11957.51295426635,8
2176,11963.654864271071,8
2177,11970.249022828104,8
2178,11977.295749147137,8
2179,11984.795424194135,8
2180,11992.748490440486,8
2181,12005.249951255406,8
2182,12018.502021126607,8
2183,12032.518633754895,8
2184,12047.31430749764,8
2185,12062.904165307767,8
2186,12074.123241007797,8
2187,12085.749385284158,8
2188,12097.784666810187,8
2189,12110.231228270632,8
2190,12123.091287507088,8
2191,12130.548787837768,8
2192,12138.251774824226,8
2193,12146.200324969746,8
2194,12154.39453658505,8
2195,12162.834529745049,8
2196,12164.646218502257,8
2197,12166.761437228412,8
2198,12169.179508990397,8
2199,12171.899790008767,8
2200,12174.9216694329,8
2201,12171.118696151834,8
2202,12167.61520702701,8
2203,12164.410823240734,8
2204,12161.505202196919,8
2205,12158.898037601602,8
2206,12158.86701338559,8
2207,12159.01061159918,8
2208,12159.328489235862,8
2209,12159.820314537099,8
2210,12160.485766919053,8
2211,12163.764219561848,8
2212,12167.253961549546,8
2213,12170.955314949486,8
2214,12174.868625122845,8
2215,12178.994260951236,8
2216,12180.969231696272,8
2217,12183.107317664959,8
2218,12185.408513202612,8
2219,12187.87282613856,8
2220,12190.500277850957,8
2221,12195.869748358238,8
2222,12201.495571914971,8
2223,12207.37978124287,8
2224,12213.524460409099,8
2225,12219.931745664453,8
2226,12213.332855041632,8
2227,12206.901317748327,8
2228,12200.637404526098,8
2229,12194.5413992096,8
2230,12188.613598829965,8
2231,12181.575883332871,8
2232,12174.713164782976,8
2233,12168.025455597868,8
2234,12161.512782220594,8
2235,12155.17518520944,8
2236,12147.508098304757,8
2237,12140.045420133618,8
2238,12132.78750213886,8
2239,12125.734715834284,8
2240,12118.887452985968,8
2241,12113.591427770916,8
2242,12108.443084280287,8
2243,12103.44228913676,8
2244,12098.588918199608,8
2245,12093.882856581353,8
2246,12092.610097878678,8
2247,12091.472116455536,8
2248,12090.469009852133,8
2249,12089.600882227922,8
2250,12088.867844392009,8
2251,12081.996236390256,8
2252,12075.375749257735,8
2253,12069.007468688815,8
2254,12062.892517724016,8
2255,12057.03205714951,8
2256,12050.585483595656,8
2257,12044.75000852768,8
2258,12039.539440889044,8
2259,12034.968071239868,8
2260,12031.050687014564,8
2261,12020.470483805557,8
2262,12010.053988176249,8
2263,11999.801371118325,8
2264,11989.71281669844,8
2265,11979.788522188768,8
2266,11969.569621823604,8
2267,11959.521419552453,8
2268,11949.644551450268,8
2269,11939.939679241808,8
2270,11930.407490671409,8
2271,11920.603509625642,8
2272,11911.019287450683,8
2273,11901.655550886806,8
2274,11892.513048634606,8
2275,11883.59255153566,8
2276,11872.550834200696,8
2277,11861.67976500119,8
2278,11850.980124692836,8
2279,11840.452720915708,8
2280,11830.098388687536,8
2281,11823.326440128876,8
2282,11816.696143303987,8
2283,11810.207842149943,8
2284,11803.861896945584,8
2285,11797.6586846128,8
2286,11791.186712338349,8
2287,11785.064301932196,8
2288,11779.293888581007,8
2289,11773.877976524249,8
2290,11768.819140001546,8
2291,11761.084860454423,8
2292,11753.682946930894,8
2293,11746.615179236263,8
2294,11739.883396151157,8
2295,11733.489496075686,8
2296,11717.945217555334,8
2297,11703.044594512548,8
2298,11688.798496680505,8
2299,11675.218116838361,8
2300,11662.314978920436,8
1750,NA,9
1751,NA,9
1752,NA,9
1753,NA,9
1754,NA,9
1755,NA,9
1756,NA,9
1757,NA,9
1758,NA,9
1759,NA,9
1760,NA,9
1761,NA,9
1762,NA,9
1763,NA,9
1764,NA,9
1765,NA,9
1766,NA,9
1767,NA,9
1768,NA,9
1769,NA,9
1770,NA,9
1771,NA,9
1772,NA,9
1773,NA,9
1774,NA,9
1775,NA,9
1776,NA,9
1777,NA,9
1778,NA,9
1779,NA,9
1780,NA,9
1781,NA,9
1782,NA,9
1783,NA,9
1784,NA,9
1785,NA,9
1786,NA,9
1787,NA,9
1788,NA,9
1789,NA,9
1790,NA,9
1791,NA,9
1792,NA,9
1793,NA,9
1794,NA,9
1795,NA,9
1796,NA,9
1797,NA,9
1798,NA,9
1799,NA,9
1800,NA,9
1801,NA,9
1802,NA,9
1803,NA,9
1804,NA,9
1805,NA,9
1806,NA,9
1807,NA,9
1808,NA,9
1809,NA,9
1810,NA,9
1811,NA,9
1812,NA,9
1813,NA,9
1814,NA,9
1815,NA,9
1816,NA,9
1817,NA,9
1818,NA,9
1819,NA,9
1820,NA,9
1821,NA,9
1822,NA,9
1823,NA,9
1824,NA,9
1825,NA,9
1826,NA,9
1827,NA,9
1828,NA,9
1829,NA,9
1830,NA,9
1831,NA,9
1832,NA,9
1833,NA,9
1834,NA,9
1835,NA,9
1836,NA,9
1837,NA,9
1838,NA,9
1839,NA,9
1840,NA,9
1841,NA,9
1842,NA,9
1843,NA,9
1844,NA,9
1845,NA,9
1846,NA,9
1847,NA,9
1848,NA,9
1849,NA,9
1850,NA,9
1851,NA,9
1852,NA,9
1853,NA,9
1854,NA,9
1855,NA,9
1856,NA,9
1857,NA,9
1858,NA,9
1859,NA,9
1860,NA,9
1861,NA,9
1862,NA,9
1863,NA,9
1864,NA,9
1865,NA,9
1866,NA,9
1867,NA,9
1868,NA,9
1869,NA,9
1870,NA,9
1871,NA,9
1872,NA,9
1873,NA,9
1874,NA,9
1875,NA,9
1876,NA,9
1877,NA,9
1878,NA,9
1879,NA,9
1880,NA,9
1881,NA,9
1882,NA,9
1883,NA,9
1884,NA,9
1885,NA,9
1886,NA,9
1887,NA,9
1888,NA,9
1889,NA,9
1890,NA,9
1891,NA,9
1892,NA,9
1893,NA,9
1894,NA,9
1895,NA,9
1896,NA,9
1897,NA,9
1898,NA,9
1899,NA,9
1900,NA,9
1901,NA,9
1902,NA,9
1903,NA,9
1904,NA,9
1905,NA,9
1906,NA,9
1907,NA,9
1908,NA,9
1909,NA,9
1910,NA,9
1911,NA,9
1912,NA,9
1913,NA,9
1914,NA,9
1915,NA,9
1916,NA,9
1917,NA,9
1918,NA,9
1919,NA,9
1920,NA,9
1921,NA,9
1922,NA,9
1923,NA,9
1924,NA,9
1925,NA,9
1926,NA,9
1927,NA,9
1928,NA,9
1929,NA,9
1930,NA,9
1931,NA,9
1932,NA,9
1933,NA,9
1934,NA,9
1935,NA,9
1936,NA,9
1937,NA,9
1938,NA,9
1939,NA,9
1940,NA,9
1941,NA,9
1942,NA,9
1943,NA,9
1944,NA,9
1945,NA,9
1946,NA,9
1947,NA,9
1948,NA,9
1949,NA,9
1950,NA,9
1951,NA,9
1952,NA,9
1953,NA,9
1954,NA,9
1955,NA,9
1956,NA,9
1957,NA,9
1958,NA,9
1959,NA,9
1960,NA,9
1961,NA,9
1962,NA,9
1963,NA,9
1964,NA,9
1965,NA,9
1966,NA,9
1967,NA,9
1968,NA,9
1969,NA,9
1970,NA,9
1971,NA,9
1972,NA,9
1973,NA,9
1974,NA,9
1975,NA,9
1976,NA,9
1977,NA,9
1978,NA,9
1979,NA,9
1980,NA,9
1981,NA,9
1982,NA,9
1983,NA,9
1984,NA,9
1985,NA,9
1986,NA,9
1987,NA,9
1988,NA,9
1989,NA,9
1990,NA,9
1991,NA,9
1992,NA,9
1993,NA,9
1994,NA,9
1995,NA,9
1996,NA,9
1997,NA,9
1998,NA,9
1999,NA,9
2000,NA,9
2001,NA,9
2002,NA,9
2003,NA,9
2004,NA,9
2005,NA,9
2006,NA,9
2007,NA,9
2008,NA,9
2009,NA,9
2010,NA,9
2011,NA,9
2012,NA,9
2013,NA,9
2014,NA,9
2015,NA,9
2016,NA,9
2017,NA,9
2018,NA,9
2019,NA,9
2020,7752.698916000001,9
2021,7830.57005784844,9
2022,7909.902299387985,9
2023,7990.731229886548,9
2024,8073.09352905116,9
2025,8157.027005515292,9
2026,8225.1242202914,9
2027,8294.538643899901,9
2028,8365.305689200382,9
2029,8437.462077552094,9
2030,8511.045899515644,9
2031,8573.91937242237,9
2032,8638.002014179234,9
2033,8703.321909025137,9
2034,8769.907897423049,9
2035,8837.789598015257,9
2036,8899.614079657495,9
2037,8962.743903843479,9
2038,9027.213201053548,9
2039,9093.057213340342,9
2040,9160.312335468896,9
2041,9218.058422546414,9
2042,9276.959455620883,9
2043,9337.040016839932,9
2044,9398.325314668571,9
2045,9460.841200748835,9
2046,9514.426985900602,9
2047,9569.156425650393,9
2048,9625.053062878904,9
2049,9682.14103206494,9
2050,9740.44507522554,9
2051,9786.564207369927,9
2052,9833.74665746919,9
2053,9882.011058203047,9
2054,9931.376474327253,9
2055,9981.862412370765,9
2056,10028.068236187817,9
2057,10075.336450076527,9
2058,10123.685475944994,9
2059,10173.134200661585,9
2060,10223.701988102743,9
2061,10261.794782030529,9
2062,10300.813884197474,9
2063,10340.773885402756,9
2064,10381.689743341805,9
2065,10423.576792287426,9
2066,10450.863098831067,9
2067,10478.911009836937,9
2068,10507.72944247322,9
2069,10537.327508763618,9
2070,10567.714519148758,9
2071,10589.120648668648,9
2072,10611.356489074204,9
2073,10634.43139824427,9
2074,10658.354987866915,9
2075,10683.137128920875,9
2076,10698.649955318235,9
2077,10715.162334992703,9
2078,10732.688759516599,9
2079,10751.244238621652,9
2080,10770.844314786224,9
2081,10787.314361731756,9
2082,10804.61827084761,9
2083,10822.764795924257,9
2084,10841.762966336497,9
2085,10861.622093120179,9
2086,10874.821091777927,9
2087,10888.73988575288,9
2088,10903.382763904725,9
2089,10918.754159969949,9
2090,10934.858654062578,9
2091,10947.98462792031,9
2092,10961.769809633077,9
2093,10976.218183332086,9
2094,10991.333886082853,9
2095,11007.121209738121,9
2096,11015.550346963711,9
2097,11024.662160437698,9
2098,11034.462033818629,9
2099,11044.955597387898,9
2100,11056.148732459655,9
2101,11053.56465684277,9
2102,11051.627856111296,9
2103,11050.339188488333,9
2104,11049.699664990729,9
2105,11049.710449755103,9
2106,11048.539583834765,9
2107,11047.926995604046,9
2108,11047.871957233914,9
2109,11048.373847339024,9
2110,11049.432150014538,9
2111,11047.59863745594,9
2112,11046.49058074296,9
2113,11046.11020891195,9
2114,11046.459963017198,9
2115,11047.542497127912,9
2116,11040.651326662359,9
2117,11034.437203592955,9
2118,11028.900133755338,9
2119,11024.04029096581,9
2120,11019.85801727198,9
2121,11007.249332322664,9
2122,10995.330369866113,9
2123,10984.098255183417,9
2124,10973.550250353512,9
2125,10963.683752742232,9
2126,10947.788591695902,9
2127,10932.691231341465,9
2128,10918.392391927111,9
2129,10904.89306882074,9
2130,10892.194535705605,9
2131,10873.314483409471,9
2132,10855.006643341676,9
2133,10837.268398730688,9
2134,10820.097259089425,9
2135,10803.490859717587,9
2136,10779.058469256543,9
2137,10755.26325276358,9
2138,10732.100912848991,9
2139,10709.567312749785,9
2140,10687.65847547006,9
2141,10664.61884774459,9
2142,10642.330897007887,9
2143,10620.792202565995,9
2144,10600.000557039057,9
2145,10579.953966574354,9
2146,10560.100650805827,9
2147,10540.81031163422,9
2148,10522.07970657408,9
2149,10503.90570031061,9
2150,10486.285263719876,9
2151,10467.256291141652,9
2152,10448.75853724703,9
2153,10430.78970888226,9
2154,10413.34762036685,9
2155,10396.43019279345,9
2156,10376.462127756084,9
2157,10357.115705437585,9
2158,10338.391260728265,9
2159,10320.28932643514,9
2160,10302.810635682754,9
2161,10277.197803382558,9
2162,10252.008841566581,9
2163,10227.24091074838,9
2164,10202.891235954623,9
2165,10178.95710610419,9
2166,10153.541747084026,9
2167,10128.532230282088,9
2168,10103.925980862366,9
2169,10079.720487998804,9
2170,10055.9133041463,9
2171,10030.76410419093,9
2172,10006.11054611754,9
2173,9981.949188039735,9
2174,9958.276683203581,9
2175,9935.089778750955,9
2176,9912.999548351007,9
2177,9891.312615678999,9
2178,9870.026110529123,9
2179,9849.137227483685,9
2180,9828.643225118596,9
2181,9801.203247146637,9
2182,9774.254959384298,9
2183,9747.795420195313,9
2184,9721.821777071971,9
2185,9696.331265908462,9
2186,9667.34962925677,9
2187,9638.790219614952,9
2188,9610.651495544043,9
2189,9582.931978906905,9
2190,9555.630254756066,9
2191,9525.32915891365,9
2192,9495.423302084557,9
2193,9465.909495004265,9
2194,9436.784607990869,9
2195,9408.045570066237,9
2196,9373.05469014736,9
2197,9338.553161891004,9
2198,9304.53763438979,9
2199,9271.004841993683,9
2200,9237.951603574984,9
2201,9199.650935139718,9
2202,9161.850295281523,9
2203,9124.545391340387,9
2204,9087.73201701333,9
2205,9051.406051164104,9
2206,9013.933943286824,9
2207,8977.028044274439,9
2208,8940.684396083057,9
2209,8904.899143537483,9
2210,8869.668533283637,9
2211,8831.94141661415,9
2212,8794.79607297577,9
2213,8758.227893560674,9
2214,8722.232380199504,9
2215,8686.805144087795,9
2216,8647.99504048692,9
2217,8609.730451176576,9
2218,8572.006757088386,9
2219,8534.819433588314,9
2220,8498.16404917506,9
2221,8458.373127144489,9
2222,8419.257645606816,9
2223,8380.818340036965,9
2224,8343.05625174951,9
2225,8305.972734023417,9
2226,8267.75063556548,9
2227,8229.944485807444,9
2228,8192.55017627157,9
2229,8155.5636626673195,9
2230,8118.980963876071,9
2231,8079.547102926032,9
2232,8040.606938722491,9
2233,8002.155454247027,9
2234,7964.187716423014,9
2235,7926.698874857257,9
2236,7888.023578165987,9
2237,7849.727133523292,9
2238,7811.805418651468,9
2239,7774.254368458397,9
2240,7737.069974119155,9
2241,7696.4028983077205,9
2242,7656.208041219964,9
2243,7616.481364002314,9
2244,7577.218919477313,9
2245,7538.416851195977,9
2246,7495.074408079661,9
2247,7452.149575649497,9
2248,7409.636983923901,9
2249,7367.531352999435,9
2250,7325.827491336762,9
2251,7282.603643986732,9
2252,7239.858067505013,9
2253,7197.5837357247865,9
2254,7155.773748407589,9
2255,7114.421328757787,9
2256,7070.062460914897,9
2257,7026.215377286542,9
2258,6982.872817915263,9
2259,6940.027658679604,9
2260,6897.6729084173285,9
2261,6854.4625889809395,9
2262,6811.726939917238,9
2263,6769.4586770333135,9
2264,6727.6506543054065,9
2265,6686.295860926696,9
2266,6644.749050462255,9
2267,6603.673032447763,9
2268,6563.060989789304,9
2269,6522.906232628894,9
2270,6483.202195587312,9
2271,6442.071688350579,9
2272,6401.411989515132,9
2273,6361.216743094813,9
2274,6321.479713444347,9
2275,6282.194782504032,9
2276,6242.5677236014135,9
2277,6203.358586230166,9
2278,6164.561980608522,9
2279,6126.172619059619,9
2280,6088.185313717119,9
2281,6050.316869094385,9
2282,6012.944452898898,9
2283,5976.061805304947,9
2284,5939.6628018753645,9
2285,5903.74145078885,9
2286,5866.53473133766,9
2287,5829.867132810853,9
2288,5793.732531026083,9
2289,5758.124943577478,9
2290,5723.038527174265,9
2291,5687.833999019287,9
2292,5652.974235531676,9
2293,5618.45540428735,9
2294,5584.273723710854,9
2295,5550.425462334286,9
2296,5517.988513510087,9
2297,5485.8980691883025,9
2298,5454.1500028801975,9
2299,5422.7402480359815,9
2300,5391.664797097004,9
1750,NA,10
1751,NA,10
1752,NA,10
1753,NA,10
1754,NA,10
1755,NA,10
1756,NA,10
1757,NA,10
1758,NA,10
1759,NA,10
1760,NA,10
1761,NA,10
1762,NA,10
1763,NA,10
1764,NA,10
1765,NA,10
1766,NA,10
1767,NA,10
1768,NA,10
1769,NA,10
1770,NA,10
1771,NA,10
1772,NA,10
1773,NA,10
1774,NA,10
1775,NA,10
1776,NA,10
1777,NA,10
1778,NA,10
1779,NA,10
1780,NA,10
1781,NA,10
1782,NA,10
1783,NA,10
1784,NA,10
1785,NA,10
1786,NA,10
1787,NA,10
1788,NA,10
1789,NA,10
1790,NA,10
1791,NA,10
1792,NA,10
1793,NA,10
1794,NA,10
1795,NA,10
1796,NA,10
1797,NA,10
1798,NA,10
1799,NA,10
1800,NA,10
1801,NA,10
1802,NA,10
1803,NA,10
1804,NA,10
1805,NA,10
1806,NA,10
1807,NA,10
1808,NA,10
1809,NA,10
1810,NA,10
1811,NA,10
1812,NA,10
1813,NA,10
1814,NA,10
1815,NA,10
1816,NA,10
1817,NA,10
1818,NA,10
1819,NA,10
1820,NA,10
1821,NA,10
1822,NA,10
1823,NA,10
1824,NA,10
1825,NA,10
1826,NA,10
1827,NA,10
1828,NA,10
1829,NA,10
1830,NA,10
1831,NA,10
1832,NA,10
1833,NA,10
1834,NA,10
1835,NA,10
1836,NA,10
1837,NA,10
1838,NA,10
1839,NA,10
1840,NA,10
1841,NA,10
1842,NA,10
1843,NA,10
1844,NA,10
1845,NA,10
1846,NA,10
1847,NA,10
1848,NA,10
1849,NA,10
1850,NA,10
1851,NA,10
1852,NA,10
1853,NA,10
1854,NA,10
1855,NA,10
1856,NA,10
1857,NA,10
1858,NA,10
1859,NA,10
1860,NA,10
1861,NA,10
1862,NA,10
1863,NA,10
1864,NA,10
1865,NA,10
1866,NA,10
1867,NA,10
1868,NA,10
1869,NA,10
1870,NA,10
1871,NA,10
1872,NA,10
1873,NA,10
1874,NA,10
1875,NA,10
1876,NA,10
1877,NA,10
1878,NA,10
1879,NA,10
1880,NA,10
1881,NA,10
1882,NA,10
1883,NA,10
1884,NA,10
1885,NA,10
1886,NA,10
1887,NA,10
1888,NA,10
1889,NA,10
1890,NA,10
1891,NA,10
1892,NA,10
1893,NA,10
1894,NA,10
1895,NA,10
1896,NA,10
1897,NA,10
1898,NA,10
1899,NA,10
1900,NA,10
1901,NA,10
1902,NA,10
1903,NA,10
1904,NA,10
1905,NA,10
1906,NA,10
1907,NA,10
1908,NA,10
1909,NA,10
1910,NA,10
1911,NA,10
1912,NA,10
1913,NA,10
1914,NA,10
1915,NA,10
1916,NA,10
1917,NA,10
1918,NA,10
1919,NA,10
1920,NA,10
1921,NA,10
1922,NA,10
1923,NA,10
1924,NA,10
1925,NA,10
1926,NA,10
1927,NA,10
1928,NA,10
1929,NA,10
1930,NA,10
1931,NA,10
1932,NA,10
1933,NA,10
1934,NA,10
1935,NA,10
1936,NA,10
1937,NA,10
1938,NA,10
1939,NA,10
1940,NA,10
1941,NA,10
1942,NA,10
1943,NA,10
1944,NA,10
1945,NA,10
1946,NA,10
1947,NA,10
1948,NA,10
1949,NA,10
1950,NA,10
1951,NA,10
1952,NA,10
1953,NA,10
1954,NA,10
1955,NA,10
1956,NA,10
1957,NA,10
1958,NA,10
1959,NA,10
1960,NA,10
1961,NA,10
1962,NA,10
1963,NA,10
1964,NA,10
1965,NA,10
1966,NA,10
1967,NA,10
1968,NA,10
1969,NA,10
1970,NA,10
1971,NA,10
1972,NA,10
1973,NA,10
1974,NA,10
1975,NA,10
1976,NA,10
1977,NA,10
1978,NA,10
1979,NA,10
1980,NA,10
1981,NA,10
1982,NA,10
1983,NA,10
1984,NA,10
1985,NA,10
1986,NA,10
1987,NA,10
1988,NA,10
1989,NA,10
1990,NA,10
1991,NA,10
1992,NA,10
1993,NA,10
1994,NA,10
1995,NA,10
1996,NA,10
1997,NA,10
1998,NA,10
1999,NA,10
2000,NA,10
2001,NA,10
2002,NA,10
2003,NA,10
2004,NA,10
2005,NA,10
2006,NA,10
2007,NA,10
2008,NA,10
2009,NA,10
2010,NA,10
2011,NA,10
2012,NA,10
2013,NA,10
2014,NA,10
2015,NA,10
2016,NA,10
2017,NA,10
2018,NA,10
2019,NA,10
2020,7752.698916000001,10
2021,7826.59530405621,10
2022,7901.856795664017,10
2023,7978.514856362687,10
2024,8056.601894589344,10
2025,8136.151297490326,10
2026,8208.47111199433,10
2027,8282.082298419049,10
2028,8357.012173191237,10
2029,8433.288756763557,10
2030,8510.940793896372,10
2031,8574.356212051576,10
2032,8638.947698622356,10
2033,8704.74061787804,10
2034,8771.76100532203,10
2035,8840.035587220389,10
2036,8903.457126571233,10
2037,8968.129281717225,10
2038,9034.08064070071,10
2039,9101.340682990309,10
2040,9169.939814485746,10
2041,9234.991686605297,10
2042,9301.292712030945,10
2043,9368.868880822964,10
2044,9437.746839038104,10
2045,9507.953906765128,10
2046,9563.962046332783,10
2047,9621.071524293377,10
2048,9679.302542571259,10
2049,9738.675776484493,10
2050,9799.21238641055,10
2051,9848.39272045117,10
2052,9898.67276738702,10
2053,9950.077765367561,10
2054,10002.633879413097,10
2055,10056.368245727737,10
2056,10099.652182017815,10
2057,10143.890790861728,10
2058,10189.100376161789,10
2059,10235.297628511362,10
2060,10282.499635025806,10
2061,10321.707506087569,10
2062,10361.797198394861,10
2063,10402.782168339934,10
2064,10444.676156617492,10
2065,10487.493194157578,10
2066,10527.57966598433,10
2067,10568.681887240962,10
2068,10610.816242292187,10
2069,10653.999509663721,10
2070,10698.248871777067,10
2071,10739.272796572039,10
2072,10781.158207134255,10
2073,10823.919072351251,10
2074,10867.569691055267,10
2075,10912.124700416667,10
2076,10947.623359263414,10
2077,10983.866457055276,10
2078,11020.863689004304,10
2079,11058.624936112696,10
2080,11097.160269124164,10
2081,11133.030630497622,10
2082,11169.596585584613,10
2083,11206.866751762276,10
2084,11244.849912874633,10
2085,11283.555022194052,10
2086,11315.112794343135,10
2087,11347.357453757488,10
2088,11380.298844427421,10
2089,11413.947007938274,10
2090,11448.312187477226,10
2091,11482.350455141728,10
2092,11516.96682920091,10
2093,11552.16857715032,10
2094,11587.963105154022,10
2095,11624.357960577347,10
2096,11651.049953823318,10
2097,11678.347995533206,10
2098,11706.260190495348,10
2099,11734.794817344611,10
2100,11763.96033262909,10
2101,11786.657057773664,10
2102,11810.04663540951,10
2103,11834.138018400854,10
2104,11858.940354848603,10
2105,11884.46299221409,10
2106,11901.041211227152,10
2107,11918.221289880079,10
2108,11936.008911620347,10
2109,11954.4098740519,10
2110,11973.430090706963,10
2111,11991.257978208989,10
2112,12009.89588156002,10
2113,12029.357291904636,10
2114,12049.656145135927,10
2115,12070.806836937303,10
2116,12081.99817603858,10
2117,12094.025218339471,10
2118,12106.903378296158,10
2119,12120.64865070287,10
2120,12135.277632750045,10
2121,12156.656100253549,10
2122,12178.667953256303,10
2123,12201.320605694931,10
2124,12224.62161281726,10
2125,12248.578673423102,10
2126,12252.053300457319,10
2127,12256.049248655432,10
2128,12260.570644404013,10
2129,12265.62171153196,10
2130,12271.20677283883,10
2131,12272.10314926438,10
2132,12273.449456516033,10
2133,12275.247354002448,10
2134,12277.49854814945,10
2135,12280.204792723183,10
2136,12274.344682328194,10
2137,12269.044459753892,10
2138,12264.305780452018,10
2139,12260.130378227035,10
2140,12256.520066185438,10
2141,12253.50037487451,10
2142,12250.953091194231,10
2143,12248.87931502403,10
2144,12247.280188123967,10
2145,12246.156894411697,10
2146,12241.692615911397,10
2147,12237.621721151487,10
2148,12233.945296926046,10
2149,12230.664468227638,10
2150,12227.780398491603,10
2151,12214.565364615697,10
2152,12201.853871881156,10
2153,12189.651824183533,10
2154,12177.965334613818,10
2155,12166.800731113446,10
2156,12154.220665736198,10
2157,12141.960247219533,10
2158,12130.02046596984,10
2159,12118.402350905606,10
2160,12107.106970019184,10
2161,12092.450680802775,10
2162,12078.01329901681,10
2163,12063.794455769319,10
2164,12049.793792293878,10
2165,12036.01095995184,10
2166,12018.88046911227,10
2167,12002.449330447582,10
2168,11986.732317061746,10
2169,11971.744838697901,10
2170,11957.502965693138,10
2171,11937.42568707196,10
2172,11917.612112438464,10
2173,11898.061555381702,10
2174,11878.773341457409,10
2175,11859.746808162392,10
2176,11833.337323635513,10
2177,11807.234808857673,10
2178,11781.43844040477,10
2179,11755.947423419062,10
2180,11730.760991751324,10
2181,11701.274888463344,10
2182,11672.039534707585,10
2183,11643.054175281488,10
2184,11614.318069786019,10
2185,11585.830492606376,10
2186,11551.174171139872,10
2187,11516.827888645726,10
2188,11482.79034340112,10
2189,11449.060256475606,10
2190,11415.636371710829,10
2191,11378.106984361722,10
2192,11340.89748445301,10
2193,11304.00620354689,10
2194,11267.431494767277,10
2195,11231.171732679419,10
2196,11197.145002304296,10
2197,11163.379833491526,10
2198,11129.875047969148,10
2199,11096.62948370872,10
2200,11063.641994872069,10
2201,11030.718686090802,10
2202,10998.06484704234,10
2203,10965.679419426542,10
2204,10933.561360719603,10
2205,10901.70964409681,10
2206,10862.274993840141,10
2207,10823.56939899321,10
2208,10785.602924565183,10
2209,10748.38607148106,10
2210,10711.929790110637,10
2211,10671.121053837483,10
2212,10630.61804588292,10
2213,10590.419375374919,10
2214,10550.52367040726,10
2215,10510.929578006895,10
2216,10461.983287740715,10
2217,10413.44206972393,10
2218,10365.30398051595,10
2219,10317.567117976547,10
2220,10270.22962137478,10
2221,10225.80172527695,10
2222,10181.784726661088,10
2223,10138.17670406432,10
2224,10094.975763872033,10
2225,10052.18004020998,10
2226,10016.208339090901,10
2227,9980.477426500845,10
2228,9944.985900145168,10
2229,9909.732370096803,10
2230,9874.715458698425,10
2231,9841.161301594424,10
2232,9807.841559509277,10
2233,9774.754927606895,10
2234,9741.900115961083,10
2235,9709.275849431544,10
2236,9675.980850827213,10
2237,9642.970936589201,10
2238,9610.245449042879,10
2239,9577.803759644914,10
2240,9545.645269183158,10
2241,9510.764275436693,10
2242,9476.131985476733,10
2243,9441.746749507345,10
2244,9407.606934113164,10
2245,9373.710922122022,10
2246,9333.029547133085,10
2247,9292.66890868387,10
2248,9252.626752228722,10
2249,9212.900846916898,10
2250,9173.488985395712,10
2251,9134.138087887344,10
2252,9095.263356805577,10
2253,9056.865012311133,10
2254,9018.943405238375,10
2255,8981.499019375626,10
2256,8943.510505280232,10
2257,8905.80411020021,10
2258,8868.377776941203,10
2259,8831.229471062801,10
2260,8794.357180666233,10
2261,8757.125542863821,10
2262,8720.148936306194,10
2263,8683.42567173883,10
2264,8646.954074251062,10
2265,8610.732483165004,10
2266,8572.92953439512,10
2267,8535.466751819495,10
2268,8498.342020123338,10
2269,8461.553252928463,10
2270,8425.098392641032,10
2271,8388.14109705336,10
2272,8351.544975947081,10
2273,8315.308595580293,10
2274,8279.430550782366,10
2275,8243.909464947521,10
2276,8205.31303055914,10
2277,8167.263048649683,10
2278,8129.759984790544,10
2279,8092.804406287925,10
2280,8056.39698334404,10
2281,8019.3760974776615,10
2282,7982.620521897517,10
2283,7946.128476200918,10
2284,7909.898196353457,10
2285,7873.927934552554,10
2286,7839.289802350918,10
2287,7805.251399769735,10
2288,7771.81535746466,10
2289,7738.984461616369,10
2290,7706.7616566848965,10
2291,7674.777767690846,10
2292,7643.0834638436945,10
2293,7611.676832988691,10
2294,7580.555984133929,10
2295,7549.719047294973,10
2296,7521.009912688092,10
2297,7492.538459875841,10
2298,7464.303014289985,10
2299,7436.301919270399,10
2300,7408.533535913148,10
