"time","net_cpc","trialnum"
1750,NA,1
1751,NA,1
1752,NA,1
1753,NA,1
1754,NA,1
1755,NA,1
1756,NA,1
1757,NA,1
1758,NA,1
1759,NA,1
1760,NA,1
1761,NA,1
1762,NA,1
1763,NA,1
1764,NA,1
1765,NA,1
1766,NA,1
1767,NA,1
1768,NA,1
1769,NA,1
1770,NA,1
1771,NA,1
1772,NA,1
1773,NA,1
1774,NA,1
1775,NA,1
1776,NA,1
1777,NA,1
1778,NA,1
1779,NA,1
1780,NA,1
1781,NA,1
1782,NA,1
1783,NA,1
1784,NA,1
1785,NA,1
1786,NA,1
1787,NA,1
1788,NA,1
1789,NA,1
1790,NA,1
1791,NA,1
1792,NA,1
1793,NA,1
1794,NA,1
1795,NA,1
1796,NA,1
1797,NA,1
1798,NA,1
1799,NA,1
1800,NA,1
1801,NA,1
1802,NA,1
1803,NA,1
1804,NA,1
1805,NA,1
1806,NA,1
1807,NA,1
1808,NA,1
1809,NA,1
1810,NA,1
1811,NA,1
1812,NA,1
1813,NA,1
1814,NA,1
1815,NA,1
1816,NA,1
1817,NA,1
1818,NA,1
1819,NA,1
1820,NA,1
1821,NA,1
1822,NA,1
1823,NA,1
1824,NA,1
1825,NA,1
1826,NA,1
1827,NA,1
1828,NA,1
1829,NA,1
1830,NA,1
1831,NA,1
1832,NA,1
1833,NA,1
1834,NA,1
1835,NA,1
1836,NA,1
1837,NA,1
1838,NA,1
1839,NA,1
1840,NA,1
1841,NA,1
1842,NA,1
1843,NA,1
1844,NA,1
1845,NA,1
1846,NA,1
1847,NA,1
1848,NA,1
1849,NA,1
1850,NA,1
1851,NA,1
1852,NA,1
1853,NA,1
1854,NA,1
1855,NA,1
1856,NA,1
1857,NA,1
1858,NA,1
1859,NA,1
1860,NA,1
1861,NA,1
1862,NA,1
1863,NA,1
1864,NA,1
1865,NA,1
1866,NA,1
1867,NA,1
1868,NA,1
1869,NA,1
1870,NA,1
1871,NA,1
1872,NA,1
1873,NA,1
1874,NA,1
1875,NA,1
1876,NA,1
1877,NA,1
1878,NA,1
1879,NA,1
1880,NA,1
1881,NA,1
1882,NA,1
1883,NA,1
1884,NA,1
1885,NA,1
1886,NA,1
1887,NA,1
1888,NA,1
1889,NA,1
1890,NA,1
1891,NA,1
1892,NA,1
1893,NA,1
1894,NA,1
1895,NA,1
1896,NA,1
1897,NA,1
1898,NA,1
1899,NA,1
1900,NA,1
1901,NA,1
1902,NA,1
1903,NA,1
1904,NA,1
1905,NA,1
1906,NA,1
1907,NA,1
1908,NA,1
1909,NA,1
1910,NA,1
1911,NA,1
1912,NA,1
1913,NA,1
1914,NA,1
1915,NA,1
1916,NA,1
1917,NA,1
1918,NA,1
1919,NA,1
1920,NA,1
1921,NA,1
1922,NA,1
1923,NA,1
1924,NA,1
1925,NA,1
1926,NA,1
1927,NA,1
1928,NA,1
1929,NA,1
1930,NA,1
1931,NA,1
1932,NA,1
1933,NA,1
1934,NA,1
1935,NA,1
1936,NA,1
1937,NA,1
1938,NA,1
1939,NA,1
1940,NA,1
1941,NA,1
1942,NA,1
1943,NA,1
1944,NA,1
1945,NA,1
1946,NA,1
1947,NA,1
1948,NA,1
1949,NA,1
1950,NA,1
1951,NA,1
1952,NA,1
1953,NA,1
1954,NA,1
1955,NA,1
1956,NA,1
1957,NA,1
1958,NA,1
1959,NA,1
1960,NA,1
1961,NA,1
1962,NA,1
1963,NA,1
1964,NA,1
1965,NA,1
1966,NA,1
1967,NA,1
1968,NA,1
1969,NA,1
1970,NA,1
1971,NA,1
1972,NA,1
1973,NA,1
1974,NA,1
1975,NA,1
1976,NA,1
1977,NA,1
1978,NA,1
1979,NA,1
1980,NA,1
1981,NA,1
1982,NA,1
1983,NA,1
1984,NA,1
1985,NA,1
1986,NA,1
1987,NA,1
1988,NA,1
1989,NA,1
1990,NA,1
1991,NA,1
1992,NA,1
1993,NA,1
1994,NA,1
1995,NA,1
1996,NA,1
1997,NA,1
1998,NA,1
1999,NA,1
2000,NA,1
2001,NA,1
2002,NA,1
2003,NA,1
2004,NA,1
2005,NA,1
2006,NA,1
2007,NA,1
2008,NA,1
2009,NA,1
2010,NA,1
2011,NA,1
2012,NA,1
2013,NA,1
2014,NA,1
2015,NA,1
2016,NA,1
2017,NA,1
2018,NA,1
2019,NA,1
2020,15218.888727443134,1
2021,15707.881372385085,1
2022,16223.389391829975,1
2023,16767.620677627732,1
2024,17343.21485362809,1
2025,17953.239148044042,1
2026,18703.669149761197,1
2027,19510.90116485555,1
2028,20369.98308713203,1
2029,21284.18006743244,1
2030,22256.714870851392,1
2031,22236.031231898913,1
2032,22259.124392240446,1
2033,22311.46449218074,1
2034,22392.86171459742,1
2035,22504.873443578257,1
2036,23367.1514506472,1
2037,24295.587115638675,1
2038,25276.82564475612,1
2039,26314.297195246665,1
2040,27412.084434062846,1
2041,27871.6264761364,1
2042,28379.791119186,1
2043,28910.436027563428,1
2044,29464.051969888682,1
2045,30040.620264544803,1
2046,30428.7259997493,1
2047,30871.728971807606,1
2048,31352.61098956074,1
2049,31875.101761667298,1
2050,32442.009226420625,1
2051,34916.050779505444,1
2052,37637.60010726226,1
2053,40606.19771419949,1
2054,43843.719398872636,1
2055,47373.601885449985,1
2056,49711.23397649881,1
2057,52228.03058347559,1
2058,54895.00154602906,1
2059,57721.59625399402,1
2060,60720.77940850045,1
2061,61756.206649132895,1
2062,62931.15886177062,1
2063,64169.612591437704,1
2064,65472.80616031318,1
2065,66842.58567024238,1
2066,65126.35278280919,1
2067,63541.56095555412,1
2068,62024.40867876844,1
2069,60581.49648577343,1
2070,59212.98872709354,1
2071,60258.47974191443,1
2072,61387.21965010834,1
2073,62564.75856831985,1
2074,63792.38244598313,1
2075,65070.778371263485,1
2076,66784.27243955302,1
2077,68614.4350504222,1
2078,70577.17853352617,1
2079,72676.99782524677,1
2080,74921.43814514655,1
2081,76497.77316331638,1
2082,78173.87049937733,1
2083,79954.73250640862,1
2084,81845.58596401397,1
2085,83853.1531360893,1
2086,82854.47271429125,1
2087,82001.70934836872,1
2088,81236.0575011617,1
2089,80554.36065577634,1
2090,79953.06637545163,1
2091,80918.62742131353,1
2092,81956.00875614955,1
2093,83082.91591395396,1
2094,84309.23291175537,1
2095,85635.64412721244,1
2096,85773.7119670944,1
2097,86056.92582543167,1
2098,86404.97377392865,1
2099,86816.65680017021,1
2100,87289.69217875948,1
2101,86728.64065975038,1
2102,86322.99385602913,1
2103,86014.25619455309,1
2104,85802.10462684774,1
2105,85688.87420642824,1
2106,86042.15329916908,1
2107,86435.05759695616,1
2108,86869.99805194426,1
2109,87343.66386885932,1
2110,87852.31839265693,1
2111,87670.67970610844,1
2112,87686.52703722769,1
2113,87878.89763294032,1
2114,88250.83886651052,1
2115,88798.67976281297,1
2116,91118.78962190174,1
2117,93743.94772809742,1
2118,96656.38117257292,1
2119,99888.60661195297,1
2120,103474.43343638233,1
2121,104307.18348198847,1
2122,105239.87445478357,1
2123,106299.80651452974,1
2124,107496.76722481147,1
2125,108835.22897800834,1
2126,106965.04208915832,1
2127,105277.67154444872,1
2128,103686.04190780675,1
2129,102181.20007938945,1
2130,100751.34218124671,1
2131,99658.97033256263,1
2132,98707.55713133642,1
2133,97909.09456865357,1
2134,97268.38834047037,1
2135,96790.78791621469,1
2136,95372.7918276048,1
2137,94183.9353323271,1
2138,93087.20382333052,1
2139,92079.9262094885,1
2140,91157.80153357069,1
2141,90161.61239199003,1
2142,89255.97682355446,1
2143,88431.94526908729,1
2144,87692.39751981136,1
2145,87036.17951766294,1
2146,83107.01767384385,1
2147,79560.68315274025,1
2148,76343.12246835997,1
2149,73425.13947857525,1
2150,70777.4318895959,1
2151,72497.63118008092,1
2152,74365.29849948778,1
2153,76386.03269116765,1
2154,78568.62631001105,1
2155,80934.33765171142,1
2156,81191.35237084779,1
2157,81580.84198861672,1
2158,82073.71924560897,1
2159,82671.60347776503,1
2160,83372.93999434783,1
2161,82271.40880474618,1
2162,81329.48914561977,1
2163,80489.32574157983,1
2164,79752.68196703974,1
2165,79140.53876200339,1
2166,81467.23410938997,1
2167,84107.06207693009,1
2168,87010.83072508535,1
2169,90187.71921925303,1
2170,93652.30081201116,1
2171,94007.34445984961,1
2172,94607.30648134915,1
2173,95259.64199991872,1
2174,95969.64787504538,1
2175,96748.94446214988,1
2176,101290.46842171194,1
2177,106358.21788790014,1
2178,111868.552915311,1
2179,117846.62724745607,1
2180,124320.31149215126,1
2181,129130.48440613005,1
2182,134382.1536213143,1
2183,139995.31307456558,1
2184,145991.11100145057,1
2185,152390.57844307367,1
2186,152408.8779423759,1
2187,152948.622846885,1
2188,154017.52325002482,1
2189,155614.02219751838,1
2190,157760.99685433906,1
2191,155968.0423936047,1
2192,154340.4247038696,1
2193,152887.9837690058,1
2194,151598.8014320554,1
2195,150462.10832791313,1
2196,156470.79316587755,1
2197,162869.5011657633,1
2198,169651.90898570357,1
2199,176875.35500652133,1
2200,184588.57109936143,1
2201,189064.24655123652,1
2202,193998.8380293617,1
2203,199236.4436472129,1
2204,204799.06824729862,1
2205,210703.4864700541,1
2206,212992.30408836168,1
2207,215728.9456949248,1
2208,218563.18065031132,1
2209,221495.8947342296,1
2210,224543.66986403355,1
2211,231494.19269082378,1
2212,239554.624601117,1
2213,248456.6991622194,1
2214,258285.17396337359,1
2215,269140.8286388287,1
2216,280364.22614469065,1
2217,292231.57629164605,1
2218,304978.11318574526,1
2219,318659.99941344286,1
2220,333335.62408774544,1
2221,335897.6496274971,1
2222,339089.089587321,1
2223,342753.3248653509,1
2224,346968.50942307914,1
2225,351735.5367837106,1
2226,354674.36929754494,1
2227,357929.55653597345,1
2228,361606.63809542794,1
2229,365688.78459871985,1
2230,370141.6397061165,1
2231,399721.56834839267,1
2232,431834.3324960926,1
2233,467031.95453721535,1
2234,505697.4666362173,1
2235,548261.941398284,1
2236,550502.7843658439,1
2237,553164.5478434665,1
2238,556420.763338849,1
2239,560272.7163023454,1
2240,564713.6688175105,1
2241,566488.6286371709,1
2242,569604.0222730566,1
2243,573519.4103657218,1
2244,578325.3963605548,1
2245,584082.7858873546,1
2246,626789.0931818289,1
2247,673361.8746194267,1
2248,724733.2172586501,1
2249,781524.8410085796,1
2250,844437.6060233859,1
2251,869263.5100306228,1
2252,896561.496697024,1
2253,925474.2704156362,1
2254,956090.3509469207,1
2255,988632.7859790897,1
2256,1.0108206235590625e6,1
2257,1.0339271424612345e6,1
2258,1.0588807489104744e6,1
2259,1.085748607121034e6,1
2260,1.1146131409067183e6,1
2261,1.1306851223539943e6,1
2262,1.1470942988249944e6,1
2263,1.164400714284834e6,1
2264,1.1825759170912306e6,1
2265,1.2015925895591597e6,1
2266,1.2322215813992205e6,1
2267,1.2621816468006042e6,1
2268,1.2946547804767855e6,1
2269,1.3299475562631306e6,1
2270,1.368164755046663e6,1
2271,1.453448124962885e6,1
2272,1.540669059270712e6,1
2273,1.6351516370230925e6,1
2274,1.737472619850643e6,1
2275,1.848372169050289e6,1
2276,1.854399679548528e6,1
2277,1.8607099336032781e6,1
2278,1.8688695299719137e6,1
2279,1.8789392438419212e6,1
2280,1.8910277952625505e6,1
2281,1.9319451817396758e6,1
2282,1.978354123314979e6,1
2283,2.0267985448715207e6,1
2284,2.0772403013905124e6,1
2285,2.129549623126317e6,1
2286,2.2445632795825126e6,1
2287,2.3688764005896603e6,1
2288,2.5032752149462067e6,1
2289,2.64905878071303e6,1
2290,2.8070924499611836e6,1
2291,2.903733895056571e6,1
2292,3.0048994870414026e6,1
2293,3.1136300222649043e6,1
2294,3.23035132286421e6,1
2295,3.3554754895504527e6,1
2296,3.37395091883933e6,1
2297,3.3929289061612864e6,1
2298,3.4159818909257594e6,1
2299,3.4439949453767627e6,1
2300,3.47736591116462e6,1
1750,NA,2
1751,NA,2
1752,NA,2
1753,NA,2
1754,NA,2
1755,NA,2
1756,NA,2
1757,NA,2
1758,NA,2
1759,NA,2
1760,NA,2
1761,NA,2
1762,NA,2
1763,NA,2
1764,NA,2
1765,NA,2
1766,NA,2
1767,NA,2
1768,NA,2
1769,NA,2
1770,NA,2
1771,NA,2
1772,NA,2
1773,NA,2
1774,NA,2
1775,NA,2
1776,NA,2
1777,NA,2
1778,NA,2
1779,NA,2
1780,NA,2
1781,NA,2
1782,NA,2
1783,NA,2
1784,NA,2
1785,NA,2
1786,NA,2
1787,NA,2
1788,NA,2
1789,NA,2
1790,NA,2
1791,NA,2
1792,NA,2
1793,NA,2
1794,NA,2
1795,NA,2
1796,NA,2
1797,NA,2
1798,NA,2
1799,NA,2
1800,NA,2
1801,NA,2
1802,NA,2
1803,NA,2
1804,NA,2
1805,NA,2
1806,NA,2
1807,NA,2
1808,NA,2
1809,NA,2
1810,NA,2
1811,NA,2
1812,NA,2
1813,NA,2
1814,NA,2
1815,NA,2
1816,NA,2
1817,NA,2
1818,NA,2
1819,NA,2
1820,NA,2
1821,NA,2
1822,NA,2
1823,NA,2
1824,NA,2
1825,NA,2
1826,NA,2
1827,NA,2
1828,NA,2
1829,NA,2
1830,NA,2
1831,NA,2
1832,NA,2
1833,NA,2
1834,NA,2
1835,NA,2
1836,NA,2
1837,NA,2
1838,NA,2
1839,NA,2
1840,NA,2
1841,NA,2
1842,NA,2
1843,NA,2
1844,NA,2
1845,NA,2
1846,NA,2
1847,NA,2
1848,NA,2
1849,NA,2
1850,NA,2
1851,NA,2
1852,NA,2
1853,NA,2
1854,NA,2
1855,NA,2
1856,NA,2
1857,NA,2
1858,NA,2
1859,NA,2
1860,NA,2
1861,NA,2
1862,NA,2
1863,NA,2
1864,NA,2
1865,NA,2
1866,NA,2
1867,NA,2
1868,NA,2
1869,NA,2
1870,NA,2
1871,NA,2
1872,NA,2
1873,NA,2
1874,NA,2
1875,NA,2
1876,NA,2
1877,NA,2
1878,NA,2
1879,NA,2
1880,NA,2
1881,NA,2
1882,NA,2
1883,NA,2
1884,NA,2
1885,NA,2
1886,NA,2
1887,NA,2
1888,NA,2
1889,NA,2
1890,NA,2
1891,NA,2
1892,NA,2
1893,NA,2
1894,NA,2
1895,NA,2
1896,NA,2
1897,NA,2
1898,NA,2
1899,NA,2
1900,NA,2
1901,NA,2
1902,NA,2
1903,NA,2
1904,NA,2
1905,NA,2
1906,NA,2
1907,NA,2
1908,NA,2
1909,NA,2
1910,NA,2
1911,NA,2
1912,NA,2
1913,NA,2
1914,NA,2
1915,NA,2
1916,NA,2
1917,NA,2
1918,NA,2
1919,NA,2
1920,NA,2
1921,NA,2
1922,NA,2
1923,NA,2
1924,NA,2
1925,NA,2
1926,NA,2
1927,NA,2
1928,NA,2
1929,NA,2
1930,NA,2
1931,NA,2
1932,NA,2
1933,NA,2
1934,NA,2
1935,NA,2
1936,NA,2
1937,NA,2
1938,NA,2
1939,NA,2
1940,NA,2
1941,NA,2
1942,NA,2
1943,NA,2
1944,NA,2
1945,NA,2
1946,NA,2
1947,NA,2
1948,NA,2
1949,NA,2
1950,NA,2
1951,NA,2
1952,NA,2
1953,NA,2
1954,NA,2
1955,NA,2
1956,NA,2
1957,NA,2
1958,NA,2
1959,NA,2
1960,NA,2
1961,NA,2
1962,NA,2
1963,NA,2
1964,NA,2
1965,NA,2
1966,NA,2
1967,NA,2
1968,NA,2
1969,NA,2
1970,NA,2
1971,NA,2
1972,NA,2
1973,NA,2
1974,NA,2
1975,NA,2
1976,NA,2
1977,NA,2
1978,NA,2
1979,NA,2
1980,NA,2
1981,NA,2
1982,NA,2
1983,NA,2
1984,NA,2
1985,NA,2
1986,NA,2
1987,NA,2
1988,NA,2
1989,NA,2
1990,NA,2
1991,NA,2
1992,NA,2
1993,NA,2
1994,NA,2
1995,NA,2
1996,NA,2
1997,NA,2
1998,NA,2
1999,NA,2
2000,NA,2
2001,NA,2
2002,NA,2
2003,NA,2
2004,NA,2
2005,NA,2
2006,NA,2
2007,NA,2
2008,NA,2
2009,NA,2
2010,NA,2
2011,NA,2
2012,NA,2
2013,NA,2
2014,NA,2
2015,NA,2
2016,NA,2
2017,NA,2
2018,NA,2
2019,NA,2
2020,14648.253536085358,2
2021,15216.94230684689,2
2022,15815.535017989807,2
2023,16445.958541570275,2
2024,17110.508562216415,2
2025,17811.867210974935,2
2026,17794.980689070697,2
2027,17800.270844430514,2
2028,17820.561940836786,2
2029,17856.405810426546,2
2030,17908.370467253444,2
2031,18585.929869031293,2
2032,19320.17441179909,2
2033,20102.452607374747,2
2034,20935.84998433965,2
2035,21824.5525319495,2
2036,22972.146156849583,2
2037,24215.171823897672,2
2038,25544.312733527226,2
2039,26966.736548429984,2
2040,28490.942115226124,2
2041,28828.870218152555,2
2042,29225.805805949676,2
2043,29648.8015088396,2
2044,30098.355717650742,2
2045,30574.333577684174,2
2046,31097.145132362097,2
2047,31700.064298746685,2
2048,32358.353155301524,2
2049,33077.79320794248,2
2050,33863.50046570705,2
2051,34327.47939320948,2
2052,34850.95018353626,2
2053,35412.89293270383,2
2054,36014.391505429456,2
2055,36656.400873295395,2
2056,37382.12788657002,2
2057,38161.22013715213,2
2058,38988.34388379182,2
2059,39866.34633660713,2
2060,40800.56054079775,2
2061,42272.28708757259,2
2062,43879.69872992525,2
2063,45597.24572530386,2
2064,47432.932813126135,2
2065,49396.054272005735,2
2066,48840.73651424078,2
2067,48330.43750450066,2
2068,47850.09985576929,2
2069,47402.97843478419,2
2070,46991.48014260653,2
2071,46490.68572034222,2
2072,46055.470186400686,2
2073,45673.37177546098,2
2074,45339.954225205285,2
2075,45051.07735857839,2
2076,44620.77696956151,2
2077,44248.78108453555,2
2078,43924.16463746212,2
2079,43646.19665209229,2
2080,43415.92061851734,2
2081,43868.967732043886,2
2082,44359.923788169115,2
2083,44906.009266810615,2
2084,45511.479655327355,2
2085,46181.34311665631,2
2086,45908.43254089059,2
2087,45685.337383338265,2
2088,45500.69746458602,2
2089,45352.9367369079,2
2090,45240.141967868476,2
2091,45717.00549774702,2
2092,46245.661594823985,2
2093,46853.01768502539,2
2094,47547.07389776343,2
2095,48331.55715823421,2
2096,48704.59043749822,2
2097,49132.79263916594,2
2098,49619.794163861334,2
2099,50164.00673770998,2
2100,50763.262483188555,2
2101,51009.19127721857,2
2102,51305.98976599817,2
2103,51644.80860577228,2
2104,52023.55372363288,2
2105,52444.51975594911,2
2106,53633.360782430325,2
2107,54943.34646698898,2
2108,56368.44096295251,2
2109,57915.250543044705,2
2110,59590.771012224046,2
2111,60958.9072326906,2
2112,62437.269719389435,2
2113,64045.219766295464,2
2114,65794.68742012278,2
2115,67695.13661345231,2
2116,68299.99407419693,2
2117,68919.59641546023,2
2118,69574.3644246934,2
2119,70263.2349497454,2
2120,70983.02485736377,2
2121,71731.72674168799,2
2122,72524.8833902336,2
2123,73378.14034941087,2
2124,74297.71759701167,2
2125,75286.80180299492,2
2126,74707.34028297901,2
2127,74257.23824388062,2
2128,73934.01512910206,2
2129,73728.18097789367,2
2130,73629.40996994142,2
2131,73432.21732276834,2
2132,73316.48370528044,2
2133,73287.9706304136,2
2134,73351.61634657897,2
2135,73513.46610301218,2
2136,71938.13280945602,2
2137,70480.31335574613,2
2138,69120.11507481954,2
2139,67852.66940808171,2
2140,66672.61736605765,2
2141,63956.61815119519,2
2142,61430.84686417575,2
2143,59070.20460176948,2
2144,56866.07391162885,2
2145,54808.834544270474,2
2146,53462.905666082894,2
2147,52165.19689292131,2
2148,50935.78537820615,2
2149,49772.92281520259,2
2150,48673.77259523291,2
2151,47026.14401644208,2
2152,45482.52138731459,2
2153,44026.72429389955,2
2154,42653.02922018954,2
2155,41360.50567243668,2
2156,40631.29128656212,2
2157,39967.22795403593,2
2158,39367.94825270569,2
2159,38830.32363692251,2
2160,38350.25535098976,2
2161,36249.67107272031,2
2162,34300.37206285039,2
2163,32482.787604337416,2
2164,30786.609240985963,2
2165,29206.905999499988,2
2166,30456.12378702213,2
2167,31799.30518436587,2
2168,33223.48218043012,2
2169,34731.52393379852,2
2170,36326.92087748654,2
2171,37525.54820195522,2
2172,38811.97309265695,2
2173,40180.08101336027,2
2174,41635.82480301072,2
2175,43187.645126307994,2
2176,43281.78206995434,2
2177,43462.416538095305,2
2178,43701.937467006435,2
2179,44000.17213494549,2
2180,44356.929329820654,2
2181,43876.79400534443,2
2182,43445.356388301196,2
2183,43042.5066677241,2
2184,42666.52007641177,2
2185,42315.505428561795,2
2186,41384.534176478744,2
2187,40520.47096121529,2
2188,39717.90491308434,2
2189,38973.8824803804,2
2190,38288.76993319728,2
2191,39220.97254362918,2
2192,40300.04202861465,2
2193,41494.83050407414,2
2194,42809.930198210364,2
2195,44250.393783521096,2
2196,43503.16706768525,2
2197,42809.09923402973,2
2198,42153.44816516523,2
2199,41538.23572314685,2
2200,40963.89990703714,2
2201,42073.08342345424,2
2202,43344.12406590966,2
2203,44768.79968789589,2
2204,46359.076567025535,2
2205,48127.21084968508,2
2206,49491.039944221986,2
2207,50935.21883214187,2
2208,52443.098339076045,2
2209,54016.09671303191,2
2210,55657.94354286403,2
2211,54373.800239425065,2
2212,53169.83294750948,2
2213,52031.13013168468,2
2214,50953.60880125707,2
2215,49933.768615467015,2
2216,45863.71019689037,2
2217,42233.743621612404,2
2218,38977.093222107374,2
2219,36052.09435932652,2
2220,33421.793951883,2
2221,32859.60030208108,2
2222,32368.068884270157,2
2223,31941.645174826273,2
2224,31583.936924462094,2
2225,31294.700866311967,2
2226,31621.11195023316,2
2227,31957.997979098098,2
2228,32311.181438133448,2
2229,32680.127968587905,2
2230,33063.322841455825,2
2231,35049.61435243095,2
2232,37338.12412577739,2
2233,39949.65855195421,2
2234,42930.928032473515,2
2235,46335.57424663871,2
2236,46741.65216213412,2
2237,47192.78124547482,2
2238,47677.5251486758,2
2239,48195.29320222745,2
2240,48744.976114638965,2
2241,45781.419479652664,2
2242,43129.96574183513,2
2243,40769.66035391471,2
2244,38676.20332070275,2
2245,36826.689240849286,2
2246,38628.936848597055,2
2247,40615.09493859915,2
2248,42813.677267594474,2
2249,45245.65548305238,2
2250,47933.62285940227,2
2251,48724.63305242207,2
2252,49570.70598160233,2
2253,50460.48633179915,2
2254,51393.65531795947,2
2255,52373.685679891736,2
2256,53812.83371011865,2
2257,55323.47182890756,2
2258,56924.79454145039,2
2259,58620.41587300017,2
2260,60414.22886768263,2
2261,59389.724539344585,2
2262,58390.92057960598,2
2263,57429.0538741195,2
2264,56500.93839706193,2
2265,55603.57788004725,2
2266,57122.0419671786,2
2267,58699.795158367764,2
2268,60336.66208345319,2
2269,62039.24782808818,2
2270,63808.92005718351,2
2271,63012.54237479265,2
2272,62290.10063374782,2
2273,61621.498109367196,2
2274,61000.368983646425,2
2275,60422.53629901603,2
2276,61675.89145862788,2
2277,63042.37570886218,2
2278,64526.38621881859,2
2279,66132.20761875689,2
2280,67865.34780114873,2
2281,70123.53932947225,2
2282,72527.34648821596,2
2283,75069.0132898878,2
2284,77754.72210623226,2
2285,80589.38144244389,2
2286,82273.27796634159,2
2287,84065.47251655073,2
2288,85948.44749784496,2
2289,87932.10788402443,2
2290,90018.16838959708,2
2291,91843.36636797198,2
2292,93733.51115811645,2
2293,95707.3525109289,2
2294,97762.3380601934,2
2295,99894.27543539749,2
2296,94222.58517321617,2
2297,88947.87131058727,2
2298,84004.82231036917,2
2299,79379.65301486652,2
2300,75053.09998154915,2
1750,NA,3
1751,NA,3
1752,NA,3
1753,NA,3
1754,NA,3
1755,NA,3
1756,NA,3
1757,NA,3
1758,NA,3
1759,NA,3
1760,NA,3
1761,NA,3
1762,NA,3
1763,NA,3
1764,NA,3
1765,NA,3
1766,NA,3
1767,NA,3
1768,NA,3
1769,NA,3
1770,NA,3
1771,NA,3
1772,NA,3
1773,NA,3
1774,NA,3
1775,NA,3
1776,NA,3
1777,NA,3
1778,NA,3
1779,NA,3
1780,NA,3
1781,NA,3
1782,NA,3
1783,NA,3
1784,NA,3
1785,NA,3
1786,NA,3
1787,NA,3
1788,NA,3
1789,NA,3
1790,NA,3
1791,NA,3
1792,NA,3
1793,NA,3
1794,NA,3
1795,NA,3
1796,NA,3
1797,NA,3
1798,NA,3
1799,NA,3
1800,NA,3
1801,NA,3
1802,NA,3
1803,NA,3
1804,NA,3
1805,NA,3
1806,NA,3
1807,NA,3
1808,NA,3
1809,NA,3
1810,NA,3
1811,NA,3
1812,NA,3
1813,NA,3
1814,NA,3
1815,NA,3
1816,NA,3
1817,NA,3
1818,NA,3
1819,NA,3
1820,NA,3
1821,NA,3
1822,NA,3
1823,NA,3
1824,NA,3
1825,NA,3
1826,NA,3
1827,NA,3
1828,NA,3
1829,NA,3
1830,NA,3
1831,NA,3
1832,NA,3
1833,NA,3
1834,NA,3
1835,NA,3
1836,NA,3
1837,NA,3
1838,NA,3
1839,NA,3
1840,NA,3
1841,NA,3
1842,NA,3
1843,NA,3
1844,NA,3
1845,NA,3
1846,NA,3
1847,NA,3
1848,NA,3
1849,NA,3
1850,NA,3
1851,NA,3
1852,NA,3
1853,NA,3
1854,NA,3
1855,NA,3
1856,NA,3
1857,NA,3
1858,NA,3
1859,NA,3
1860,NA,3
1861,NA,3
1862,NA,3
1863,NA,3
1864,NA,3
1865,NA,3
1866,NA,3
1867,NA,3
1868,NA,3
1869,NA,3
1870,NA,3
1871,NA,3
1872,NA,3
1873,NA,3
1874,NA,3
1875,NA,3
1876,NA,3
1877,NA,3
1878,NA,3
1879,NA,3
1880,NA,3
1881,NA,3
1882,NA,3
1883,NA,3
1884,NA,3
1885,NA,3
1886,NA,3
1887,NA,3
1888,NA,3
1889,NA,3
1890,NA,3
1891,NA,3
1892,NA,3
1893,NA,3
1894,NA,3
1895,NA,3
1896,NA,3
1897,NA,3
1898,NA,3
1899,NA,3
1900,NA,3
1901,NA,3
1902,NA,3
1903,NA,3
1904,NA,3
1905,NA,3
1906,NA,3
1907,NA,3
1908,NA,3
1909,NA,3
1910,NA,3
1911,NA,3
1912,NA,3
1913,NA,3
1914,NA,3
1915,NA,3
1916,NA,3
1917,NA,3
1918,NA,3
1919,NA,3
1920,NA,3
1921,NA,3
1922,NA,3
1923,NA,3
1924,NA,3
1925,NA,3
1926,NA,3
1927,NA,3
1928,NA,3
1929,NA,3
1930,NA,3
1931,NA,3
1932,NA,3
1933,NA,3
1934,NA,3
1935,NA,3
1936,NA,3
1937,NA,3
1938,NA,3
1939,NA,3
1940,NA,3
1941,NA,3
1942,NA,3
1943,NA,3
1944,NA,3
1945,NA,3
1946,NA,3
1947,NA,3
1948,NA,3
1949,NA,3
1950,NA,3
1951,NA,3
1952,NA,3
1953,NA,3
1954,NA,3
1955,NA,3
1956,NA,3
1957,NA,3
1958,NA,3
1959,NA,3
1960,NA,3
1961,NA,3
1962,NA,3
1963,NA,3
1964,NA,3
1965,NA,3
1966,NA,3
1967,NA,3
1968,NA,3
1969,NA,3
1970,NA,3
1971,NA,3
1972,NA,3
1973,NA,3
1974,NA,3
1975,NA,3
1976,NA,3
1977,NA,3
1978,NA,3
1979,NA,3
1980,NA,3
1981,NA,3
1982,NA,3
1983,NA,3
1984,NA,3
1985,NA,3
1986,NA,3
1987,NA,3
1988,NA,3
1989,NA,3
1990,NA,3
1991,NA,3
1992,NA,3
1993,NA,3
1994,NA,3
1995,NA,3
1996,NA,3
1997,NA,3
1998,NA,3
1999,NA,3
2000,NA,3
2001,NA,3
2002,NA,3
2003,NA,3
2004,NA,3
2005,NA,3
2006,NA,3
2007,NA,3
2008,NA,3
2009,NA,3
2010,NA,3
2011,NA,3
2012,NA,3
2013,NA,3
2014,NA,3
2015,NA,3
2016,NA,3
2017,NA,3
2018,NA,3
2019,NA,3
2020,15257.578219420084,3
2021,15506.287275397108,3
2022,15788.857544162263,3
2023,16107.509486407276,3
2024,16464.87898288665,3
2025,16864.03513214374,3
2026,16387.266127576255,3
2027,15952.288774174325,3
2028,15551.2123826341,3
2029,15181.891785740125,3
2030,14842.302663331022,3
2031,14716.27042059588,3
2032,14606.69095366762,3
2033,14507.887661885961,3
2034,14419.325741739962,3
2035,14341.29730689349,3
2036,14667.723000799386,3
2037,15021.671993846358,3
2038,15400.001978965509,3
2039,15803.635454301775,3
2040,16233.778749961415,3
2041,16720.201513631808,3
2042,17252.929023213856,3
2043,17826.45329883477,3
2044,18442.80290115155,3
2045,19103.868796888924,3
2046,19392.982328601476,3
2047,19724.96826337785,3
2048,20092.75960789476,3
2049,20499.350601012466,3
2050,20947.40223008889,3
2051,20432.62192334545,3
2052,19969.70536275754,3
2053,19541.79869933006,3
2054,19145.604119680032,3
2055,18778.012112494715,3
2056,18438.03592272719,3
2057,18115.70711342919,3
2058,17814.301507105898,3
2059,17532.832284971308,3
2060,17271.032969965177,3
2061,17323.34381718614,3
2062,17402.402315224415,3
2063,17503.327794339464,3
2064,17626.54789898259,3
2065,17772.72902939084,3
2066,18092.941044675987,3
2067,18432.628002517453,3
2068,18788.896176178703,3
2069,19166.34848660122,3
2070,19567.06494152071,3
2071,19423.544099265866,3
2072,19306.59043285896,3
2073,19213.29629240401,3
2074,19143.918690770442,3
2075,19098.612330980344,3
2076,19307.13672865063,3
2077,19533.639559202675,3
2078,19780.39366148742,3
2079,20047.890619273705,3
2080,20337.437925883853,3
2081,20196.603450570903,3
2082,20067.20089294723,3
2083,19950.70132189444,3
2084,19846.718791079384,3
2085,19755.134275062923,3
2086,20273.227520783767,3
2087,20816.022224350996,3
2088,21385.2335350444,3
2089,21981.351102182154,3
2090,22604.672882243074,3
2091,22860.395866569277,3
2092,23144.369679729163,3
2093,23455.490583083818,3
2094,23796.496614141757,3
2095,24167.577645903715,3
2096,24061.572323023953,3
2097,23972.70923051303,3
2098,23896.252212402887,3
2099,23831.080841389925,3
2100,23775.750156429927,3
2101,23226.62383295821,3
2102,22706.61099168823,3
2103,22212.69345648498,3
2104,21743.95023195872,3
2105,21299.872532696507,3
2106,21531.85254399692,3
2107,21778.12096977528,3
2108,22043.079533365682,3
2109,22326.55755957893,3
2110,22628.30532250949,3
2111,22684.772823289124,3
2112,22761.833363480466,3
2113,22867.283107295567,3
2114,23002.746157469282,3
2115,23168.748645753254,3
2116,23308.9172050045,3
2117,23473.759350553944,3
2118,23657.474769106055,3
2119,23859.906013153148,3
2120,24080.269483006414,3
2121,24243.91200312732,3
2122,24429.673781497368,3
2123,24641.52613673181,3
2124,24880.928283591467,3
2125,25148.443959014257,3
2126,24530.569343345273,3
2127,23956.471256892783,3
2128,23429.78809693102,3
2129,22947.225160590693,3
2130,22505.281179061316,3
2131,22651.98402949625,3
2132,22823.405067971267,3
2133,23021.0723557019,3
2134,23246.821438941006,3
2135,23502.677136286373,3
2136,23994.702616790233,3
2137,24524.400527094997,3
2138,25088.846937047703,3
2139,25689.804057437483,3
2140,26328.792677373774,3
2141,26187.79363963729,3
2142,26065.076687018984,3
2143,25958.626575121783,3
2144,25869.117749265733,3
2145,25796.47588920249,3
2146,26692.317023392985,3
2147,27644.425923866267,3
2148,28652.02666401671,3
2149,29718.34596364449,3
2150,30845.93305319351,3
2151,31569.108053955813,3
2152,32329.61951915744,3
2153,33125.00548453436,3
2154,33957.938247519094,3
2155,34834.60203113568,3
2156,34057.53141090351,3
2157,33388.875788827616,3
2158,32821.2017766207,3
2159,32348.157397606872,3
2160,31963.240335259736,3
2161,32211.627283481885,3
2162,32494.766969514552,3
2163,32806.91787088466,3
2164,33148.22683522045,3
2165,33523.920332362875,3
2166,32397.813382492775,3
2167,31349.59221911339,3
2168,30366.411579689335,3
2169,29441.400884883282,3
2170,28569.209173239673,3
2171,27764.18693221113,3
2172,27023.093884409485,3
2173,26334.88140096046,3
2174,25696.66129349979,3
2175,25106.95526004778,3
2176,24456.523885792645,3
2177,23858.923323938052,3
2178,23315.212473593976,3
2179,22820.697106281812,3
2180,22371.13910930668,3
2181,22328.89276377848,3
2182,22322.235378237718,3
2183,22344.75591778786,3
2184,22396.358913762906,3
2185,22476.877532690545,3
2186,23225.186450913367,3
2187,24027.280135061792,3
2188,24884.56124584971,3
2189,25801.159498677982,3
2190,26784.061671212796,3
2191,26865.09436783635,3
2192,26983.963775120228,3
2193,27133.85330635405,3
2194,27314.698810877788,3
2195,27526.55942541724,3
2196,28007.387526302333,3
2197,28524.431272839873,3
2198,29070.095357077833,3
2199,29649.61025875665,3
2200,30266.967891412205,3
2201,30511.269784504395,3
2202,30780.63604046389,3
2203,31068.990779443946,3
2204,31377.029808792413,3
2205,31704.79782772981,3
2206,31668.89412301466,3
2207,31663.523501757587,3
2208,31683.783319360653,3
2209,31729.926335178778,3
2210,31803.78780236396,3
2211,31139.58777990633,3
2212,30515.646306349972,3
2213,29926.087147490776,3
2214,29369.841547577482,3
2215,28846.23490162019,3
2216,29200.448190661133,3
2217,29590.861566722022,3
2218,30013.68952697059,3
2219,30468.507677899604,3
2220,30954.775289691617,3
2221,30383.859904983055,3
2222,29873.728459889186,3
2223,29425.19268484914,3
2224,29040.198259147186,3
2225,28716.266290428262,3
2226,29258.3380548156,3
2227,29837.901951739303,3
2228,30450.639734949073,3
2229,31096.548196182965,3
2230,31774.54088075013,3
2231,32158.625505679767,3
2232,32585.59630001127,3
2233,33054.53453382427,3
2234,33568.0111215089,3
2235,34128.58716843467,3
2236,33655.26634229025,3
2237,33225.507940665644,3
2238,32826.50731828615,3
2239,32455.964727567105,3
2240,32111.272858365188,3
2241,31766.335452193343,3
2242,31437.000111220488,3
2243,31137.602359280325,3
2244,30869.694752563097,3
2245,30633.579645632202,3
2246,30469.05298442062,3
2247,30324.06503981069,3
2248,30202.895859586162,3
2249,30104.616464063656,3
2250,30027.888654328603,3
2251,30227.435345888236,3
2252,30468.590234520252,3
2253,30733.7551088643,3
2254,31022.742589041518,3
2255,31338.338546327683,3
2256,30057.953283392035,3
2257,28891.413578041364,3
2258,27820.562963046912,3
2259,26839.73570307575,3
2260,25944.017415381233,3
2261,25359.223516271217,3
2262,24818.425228238957,3
2263,24307.664045431145,3
2264,23824.115712930157,3
2265,23365.188535442823,3
2266,24008.104227979507,3
2267,24696.23959115395,3
2268,25444.60691030834,3
2269,26259.137461668903,3
2270,27142.943584120017,3
2271,26666.645820454465,3
2272,26209.895721739904,3
2273,25779.916164797585,3
2274,25373.688308587098,3
2275,24989.496830279142,3
2276,25593.95793266259,3
2277,26276.495035822005,3
2278,27040.937554280797,3
2279,27893.526233173798,3
2280,28841.71495028253,3
2281,27836.13530585026,3
2282,26927.06388312369,3
2283,26061.02217005371,3
2284,25234.48374201434,3
2285,24443.481291525797,3
2286,24485.236944727254,3
2287,24538.434145170166,3
2288,24606.22334971064,3
2289,24691.74022745725,3
2290,24794.23533933907,3
2291,25731.805133631293,3
2292,26705.422468987097,3
2293,27733.6610631916,3
2294,28818.016869884264,3
2295,29959.41814042713,3
2296,29815.973271153463,3
2297,29739.502109516605,3
2298,29695.95243621805,3
2299,29690.058115791755,3
2300,29723.32293017837,3
1750,NA,4
1751,NA,4
1752,NA,4
1753,NA,4
1754,NA,4
1755,NA,4
1756,NA,4
1757,NA,4
1758,NA,4
1759,NA,4
1760,NA,4
1761,NA,4
1762,NA,4
1763,NA,4
1764,NA,4
1765,NA,4
1766,NA,4
1767,NA,4
1768,NA,4
1769,NA,4
1770,NA,4
1771,NA,4
1772,NA,4
1773,NA,4
1774,NA,4
1775,NA,4
1776,NA,4
1777,NA,4
1778,NA,4
1779,NA,4
1780,NA,4
1781,NA,4
1782,NA,4
1783,NA,4
1784,NA,4
1785,NA,4
1786,NA,4
1787,NA,4
1788,NA,4
1789,NA,4
1790,NA,4
1791,NA,4
1792,NA,4
1793,NA,4
1794,NA,4
1795,NA,4
1796,NA,4
1797,NA,4
1798,NA,4
1799,NA,4
1800,NA,4
1801,NA,4
1802,NA,4
1803,NA,4
1804,NA,4
1805,NA,4
1806,NA,4
1807,NA,4
1808,NA,4
1809,NA,4
1810,NA,4
1811,NA,4
1812,NA,4
1813,NA,4
1814,NA,4
1815,NA,4
1816,NA,4
1817,NA,4
1818,NA,4
1819,NA,4
1820,NA,4
1821,NA,4
1822,NA,4
1823,NA,4
1824,NA,4
1825,NA,4
1826,NA,4
1827,NA,4
1828,NA,4
1829,NA,4
1830,NA,4
1831,NA,4
1832,NA,4
1833,NA,4
1834,NA,4
1835,NA,4
1836,NA,4
1837,NA,4
1838,NA,4
1839,NA,4
1840,NA,4
1841,NA,4
1842,NA,4
1843,NA,4
1844,NA,4
1845,NA,4
1846,NA,4
1847,NA,4
1848,NA,4
1849,NA,4
1850,NA,4
1851,NA,4
1852,NA,4
1853,NA,4
1854,NA,4
1855,NA,4
1856,NA,4
1857,NA,4
1858,NA,4
1859,NA,4
1860,NA,4
1861,NA,4
1862,NA,4
1863,NA,4
1864,NA,4
1865,NA,4
1866,NA,4
1867,NA,4
1868,NA,4
1869,NA,4
1870,NA,4
1871,NA,4
1872,NA,4
1873,NA,4
1874,NA,4
1875,NA,4
1876,NA,4
1877,NA,4
1878,NA,4
1879,NA,4
1880,NA,4
1881,NA,4
1882,NA,4
1883,NA,4
1884,NA,4
1885,NA,4
1886,NA,4
1887,NA,4
1888,NA,4
1889,NA,4
1890,NA,4
1891,NA,4
1892,NA,4
1893,NA,4
1894,NA,4
1895,NA,4
1896,NA,4
1897,NA,4
1898,NA,4
1899,NA,4
1900,NA,4
1901,NA,4
1902,NA,4
1903,NA,4
1904,NA,4
1905,NA,4
1906,NA,4
1907,NA,4
1908,NA,4
1909,NA,4
1910,NA,4
1911,NA,4
1912,NA,4
1913,NA,4
1914,NA,4
1915,NA,4
1916,NA,4
1917,NA,4
1918,NA,4
1919,NA,4
1920,NA,4
1921,NA,4
1922,NA,4
1923,NA,4
1924,NA,4
1925,NA,4
1926,NA,4
1927,NA,4
1928,NA,4
1929,NA,4
1930,NA,4
1931,NA,4
1932,NA,4
1933,NA,4
1934,NA,4
1935,NA,4
1936,NA,4
1937,NA,4
1938,NA,4
1939,NA,4
1940,NA,4
1941,NA,4
1942,NA,4
1943,NA,4
1944,NA,4
1945,NA,4
1946,NA,4
1947,NA,4
1948,NA,4
1949,NA,4
1950,NA,4
1951,NA,4
1952,NA,4
1953,NA,4
1954,NA,4
1955,NA,4
1956,NA,4
1957,NA,4
1958,NA,4
1959,NA,4
1960,NA,4
1961,NA,4
1962,NA,4
1963,NA,4
1964,NA,4
1965,NA,4
1966,NA,4
1967,NA,4
1968,NA,4
1969,NA,4
1970,NA,4
1971,NA,4
1972,NA,4
1973,NA,4
1974,NA,4
1975,NA,4
1976,NA,4
1977,NA,4
1978,NA,4
1979,NA,4
1980,NA,4
1981,NA,4
1982,NA,4
1983,NA,4
1984,NA,4
1985,NA,4
1986,NA,4
1987,NA,4
1988,NA,4
1989,NA,4
1990,NA,4
1991,NA,4
1992,NA,4
1993,NA,4
1994,NA,4
1995,NA,4
1996,NA,4
1997,NA,4
1998,NA,4
1999,NA,4
2000,NA,4
2001,NA,4
2002,NA,4
2003,NA,4
2004,NA,4
2005,NA,4
2006,NA,4
2007,NA,4
2008,NA,4
2009,NA,4
2010,NA,4
2011,NA,4
2012,NA,4
2013,NA,4
2014,NA,4
2015,NA,4
2016,NA,4
2017,NA,4
2018,NA,4
2019,NA,4
2020,15206.440168544785,4
2021,15175.585314965481,4
2022,15160.146056149986,4
2023,15160.428048932963,4
2024,15177.183999115776,4
2025,15211.52317030073,4
2026,16084.67527078119,4
2027,17015.65580599861,4
2028,18004.567514023456,4
2029,19054.718690105004,4
2030,20169.503502811058,4
2031,20709.864968564598,4
2032,21317.723314125455,4
2033,21979.57402628482,4
2034,22697.50030789578,4
2035,23476.303818921693,4
2036,24050.28794385143,4
2037,24674.83289344846,4
2038,25337.654603838942,4
2039,26040.884702877232,4
2040,26787.385259916955,4
2041,26556.651790016484,4
2042,26354.777635104765,4
2043,26168.087850370288,4
2044,25995.791181729262,4
2045,25836.32338679354,4
2046,26643.6488181935,4
2047,27527.655585394332,4
2048,28475.31111621245,4
2049,29495.753861133737,4
2050,30597.69204974859,4
2051,31495.498111698536,4
2052,32450.427706829225,4
2053,33457.24569477321,4
2054,34517.91927931262,4
2055,35634.03881330366,4
2056,36788.22066665107,4
2057,38026.076702622544,4
2058,39333.8954692631,4
2059,40715.536755523986,4
2060,42178.23466019042,4
2061,42808.270627647595,4
2062,43528.70734078346,4
2063,44309.30260869225,4
2064,45149.866185282175,4
2065,46050.75840502427,4
2066,46795.19510703993,4
2067,47594.82866397044,4
2068,48445.49920134193,4
2069,49353.33031461161,4
2070,50323.82665756426,4
2071,52027.001277035335,4
2072,53812.17981233325,4
2073,55689.14147324332,4
2074,57663.72510818854,4
2075,59741.523544863565,4
2076,61929.74978970415,4
2077,64277.990884696614,4
2078,66770.091454249,4
2079,69415.78124274594,4
2080,72229.07679147928,4
2081,72959.44898555113,4
2082,73788.57073101796,4
2083,74703.27922952014,4
2084,75707.82415009184,4
2085,76807.5570223009,4
2086,78600.23368615843,4
2087,80467.20703709814,4
2088,82427.19907034241,4
2089,84475.18532268354,4
2090,86614.58553705027,4
2091,88495.88498953162,4
2092,90572.65748961143,4
2093,92820.9478818158,4
2094,95264.89111149737,4
2095,97915.26196657115,4
2096,102108.53694801555,4
2097,106569.79734055654,4
2098,111328.23332189856,4
2099,116398.8097560281,4
2100,121794.19400698967,4
2101,118009.05725160193,4
2102,114475.65298776509,4
2103,111163.85852645959,4
2104,108065.92049803367,4
2105,105177.27114574103,4
2106,101921.0143878659,4
2107,98879.92209973495,4
2108,95999.5154767778,4
2109,93268.67865850871,4
2110,90676.46736584666,4
2111,91539.14035826239,4
2112,92566.04775545756,4
2113,93754.06677682839,4
2114,95114.5079236938,4
2115,96652.39394181938,4
2116,95268.7189348509,4
2117,93965.35764798663,4
2118,92736.69040014318,4
2119,91576.71783586181,4
2120,90476.17020232363,4
2121,92410.93609235702,4
2122,94445.41254139929,4
2123,96606.09014635585,4
2124,98909.8955361213,4
2125,101369.13896302934,4
2126,99601.45393162576,4
2127,97969.89813804736,4
2128,96446.04218243757,4
2129,95019.68109096069,4
2130,93677.962713995,4
2131,94824.30822850225,4
2132,96066.214208992,4
2133,97409.02047257296,4
2134,98860.77117758275,4
2135,100431.05785389256,4
2136,98660.10205265667,4
2137,97261.27227865986,4
2138,96221.70872308628,4
2139,95540.9074758529,4
2140,95223.74143670723,4
2141,94026.63308782583,4
2142,92845.97476179551,4
2143,91712.72583446937,4
2144,90630.44915676615,4
2145,89598.85333502255,4
2146,92383.6211168912,4
2147,95305.6933674031,4
2148,98378.56896641468,4
2149,101609.79865487613,4
2150,105003.11979352053,4
2151,105085.31362942557,4
2152,105175.14542534972,4
2153,105316.69781924749,4
2154,105510.91054079613,4
2155,105773.41867240638,4
2156,106741.53317563799,4
2157,107810.11807052835,4
2158,108995.14842626207,4
2159,110299.90848767545,4
2160,111723.03721312706,4
2161,111836.17482406559,4
2162,112121.6081640551,4
2163,112500.68099792046,4
2164,112973.50999497026,4
2165,113564.91962230467,4
2166,111323.20956964199,4
2167,109248.05156826001,4
2168,107366.69736889556,4
2169,105662.09710212999,4
2170,104121.4923142809,4
2171,105350.54241655071,4
2172,106644.47038879096,4
2173,108041.96287549724,4
2174,109547.12546812887,4
2175,111171.89363262456,4
2176,106614.68789955984,4
2177,102345.4233548076,4
2178,98368.32222517779,4
2179,94655.756025829,4
2180,91182.66441779255,4
2181,86642.2413680418,4
2182,82412.0494125444,4
2183,78482.18201360841,4
2184,74824.15245745995,4
2185,71411.74493326398,4
2186,75220.51006729703,4
2187,79245.96500125312,4
2188,83541.13771687889,4
2189,88123.61485168259,4
2190,93023.35234725411,4
2191,95105.68273208055,4
2192,97246.31724087748,4
2193,99510.6379574658,4
2194,101900.78303200235,4
2195,104418.97847770668,4
2196,107175.19341469272,4
2197,109993.07702194004,4
2198,112976.46858123444,4
2199,116153.01852529625,4
2200,119545.96743578947,4
2201,119212.34304688775,4
2202,118969.34860582325,4
2203,118832.70204841757,4
2204,118802.14747469682,4
2205,118874.52586506287,4
2206,120460.99118052344,4
2207,122074.69507624282,4
2208,123793.82567878066,4
2209,125621.74275934784,4
2210,127570.41365261663,4
2211,130276.24417340255,4
2212,133272.33346044217,4
2213,136541.4960959136,4
2214,140097.68503470015,4
2215,143957.6059775619,4
2216,145606.14051017427,4
2217,147288.74568371483,4
2218,149110.05237667006,4
2219,151064.89028774074,4
2220,153147.19144384572,4
2221,153835.5153004049,4
2222,154604.78275181924,4
2223,155513.19297639508,4
2224,156592.07624715133,4
2225,157844.16010493058,4
2226,156556.41516631778,4
2227,155415.25385142842,4
2228,154452.24257077757,4
2229,153654.30966464512,4
2230,153002.15608771634,4
2231,152584.25473633528,4
2232,152363.84970343322,4
2233,152257.2094224631,4
2234,152273.806759287,4
2235,152422.72087190638,4
2236,150107.40474687648,4
2237,147922.7972316307,4
2238,145890.905306364,4
2239,144000.2630453738,4
2240,142237.7387800555,4
2241,144429.1202988999,4
2242,146769.69794576534,4
2243,149304.82290062984,4
2244,152058.1080534491,4
2245,155048.92436501948,4
2246,160678.66056620624,4
2247,166548.55208859933,4
2248,172704.03318432657,4
2249,179158.1051976211,4
2250,185920.63346070383,4
2251,188504.64128864856,4
2252,191508.28570092237,4
2253,194765.55586307537,4
2254,198285.20659241517,4
2255,202099.6075288553,4
2256,197267.32634705285,4
2257,192704.54476137875,4
2258,188442.92826349923,4
2259,184463.3250228888,4
2260,180748.51123580994,4
2261,181820.76765836967,4
2262,183078.339438598,4
2263,184500.50178878475,4
2264,186081.03840716003,4
2265,187815.21647429053,4
2266,188661.40096852797,4
2267,189647.46503438486,4
2268,190860.02024018863,4
2269,192320.16674268362,4
2270,194021.83844264827,4
2271,186125.6670235902,4
2272,178610.94415191715,4
2273,171513.82355133293,4
2274,164793.46253973947,4
2275,158420.3314185939,4
2276,151227.2108302024,4
2277,144520.2387861171,4
2278,138252.35724880613,4
2279,132396.91020997343,4
2280,126931.0815178899,4
2281,129529.14000103081,4
2282,132273.43037252573,4
2283,135233.752140811,4
2284,138415.36728468366,4
2285,141818.81508677008,4
2286,140901.37615833897,4
2287,140122.92825429683,4
2288,139482.84746420136,4
2289,139002.22519897044,4
2290,138678.26389409916,4
2291,140229.59003178283,4
2292,141866.6010797612,4
2293,143635.80979597123,4
2294,145525.8508614795,4
2295,147521.37215041567,4
2296,146531.09326918135,4
2297,145586.44090429915,4
2298,144705.8152506661,4
2299,143910.66540040774,4
2300,143204.76680278443,4
1750,NA,5
1751,NA,5
1752,NA,5
1753,NA,5
1754,NA,5
1755,NA,5
1756,NA,5
1757,NA,5
1758,NA,5
1759,NA,5
1760,NA,5
1761,NA,5
1762,NA,5
1763,NA,5
1764,NA,5
1765,NA,5
1766,NA,5
1767,NA,5
1768,NA,5
1769,NA,5
1770,NA,5
1771,NA,5
1772,NA,5
1773,NA,5
1774,NA,5
1775,NA,5
1776,NA,5
1777,NA,5
1778,NA,5
1779,NA,5
1780,NA,5
1781,NA,5
1782,NA,5
1783,NA,5
1784,NA,5
1785,NA,5
1786,NA,5
1787,NA,5
1788,NA,5
1789,NA,5
1790,NA,5
1791,NA,5
1792,NA,5
1793,NA,5
1794,NA,5
1795,NA,5
1796,NA,5
1797,NA,5
1798,NA,5
1799,NA,5
1800,NA,5
1801,NA,5
1802,NA,5
1803,NA,5
1804,NA,5
1805,NA,5
1806,NA,5
1807,NA,5
1808,NA,5
1809,NA,5
1810,NA,5
1811,NA,5
1812,NA,5
1813,NA,5
1814,NA,5
1815,NA,5
1816,NA,5
1817,NA,5
1818,NA,5
1819,NA,5
1820,NA,5
1821,NA,5
1822,NA,5
1823,NA,5
1824,NA,5
1825,NA,5
1826,NA,5
1827,NA,5
1828,NA,5
1829,NA,5
1830,NA,5
1831,NA,5
1832,NA,5
1833,NA,5
1834,NA,5
1835,NA,5
1836,NA,5
1837,NA,5
1838,NA,5
1839,NA,5
1840,NA,5
1841,NA,5
1842,NA,5
1843,NA,5
1844,NA,5
1845,NA,5
1846,NA,5
1847,NA,5
1848,NA,5
1849,NA,5
1850,NA,5
1851,NA,5
1852,NA,5
1853,NA,5
1854,NA,5
1855,NA,5
1856,NA,5
1857,NA,5
1858,NA,5
1859,NA,5
1860,NA,5
1861,NA,5
1862,NA,5
1863,NA,5
1864,NA,5
1865,NA,5
1866,NA,5
1867,NA,5
1868,NA,5
1869,NA,5
1870,NA,5
1871,NA,5
1872,NA,5
1873,NA,5
1874,NA,5
1875,NA,5
1876,NA,5
1877,NA,5
1878,NA,5
1879,NA,5
1880,NA,5
1881,NA,5
1882,NA,5
1883,NA,5
1884,NA,5
1885,NA,5
1886,NA,5
1887,NA,5
1888,NA,5
1889,NA,5
1890,NA,5
1891,NA,5
1892,NA,5
1893,NA,5
1894,NA,5
1895,NA,5
1896,NA,5
1897,NA,5
1898,NA,5
1899,NA,5
1900,NA,5
1901,NA,5
1902,NA,5
1903,NA,5
1904,NA,5
1905,NA,5
1906,NA,5
1907,NA,5
1908,NA,5
1909,NA,5
1910,NA,5
1911,NA,5
1912,NA,5
1913,NA,5
1914,NA,5
1915,NA,5
1916,NA,5
1917,NA,5
1918,NA,5
1919,NA,5
1920,NA,5
1921,NA,5
1922,NA,5
1923,NA,5
1924,NA,5
1925,NA,5
1926,NA,5
1927,NA,5
1928,NA,5
1929,NA,5
1930,NA,5
1931,NA,5
1932,NA,5
1933,NA,5
1934,NA,5
1935,NA,5
1936,NA,5
1937,NA,5
1938,NA,5
1939,NA,5
1940,NA,5
1941,NA,5
1942,NA,5
1943,NA,5
1944,NA,5
1945,NA,5
1946,NA,5
1947,NA,5
1948,NA,5
1949,NA,5
1950,NA,5
1951,NA,5
1952,NA,5
1953,NA,5
1954,NA,5
1955,NA,5
1956,NA,5
1957,NA,5
1958,NA,5
1959,NA,5
1960,NA,5
1961,NA,5
1962,NA,5
1963,NA,5
1964,NA,5
1965,NA,5
1966,NA,5
1967,NA,5
1968,NA,5
1969,NA,5
1970,NA,5
1971,NA,5
1972,NA,5
1973,NA,5
1974,NA,5
1975,NA,5
1976,NA,5
1977,NA,5
1978,NA,5
1979,NA,5
1980,NA,5
1981,NA,5
1982,NA,5
1983,NA,5
1984,NA,5
1985,NA,5
1986,NA,5
1987,NA,5
1988,NA,5
1989,NA,5
1990,NA,5
1991,NA,5
1992,NA,5
1993,NA,5
1994,NA,5
1995,NA,5
1996,NA,5
1997,NA,5
1998,NA,5
1999,NA,5
2000,NA,5
2001,NA,5
2002,NA,5
2003,NA,5
2004,NA,5
2005,NA,5
2006,NA,5
2007,NA,5
2008,NA,5
2009,NA,5
2010,NA,5
2011,NA,5
2012,NA,5
2013,NA,5
2014,NA,5
2015,NA,5
2016,NA,5
2017,NA,5
2018,NA,5
2019,NA,5
2020,15410.122046946939,5
2021,15202.274592613365,5
2022,15009.273959547125,5
2023,14830.57570617277,5
2024,14665.821454061552,5
2025,14514.785837701516,5
2026,15032.630221727572,5
2027,15586.714996226212,5
2028,16175.544842424388,5
2029,16802.324580422162,5
2030,17470.625980242705,5
2031,17233.14550293671,5
2032,17023.658481429928,5
2033,16829.225982469037,5
2034,16649.090920022223,5
2035,16483.328579020283,5
2036,16898.153768446376,5
2037,17341.485192501925,5
2038,17800.499693514725,5
2039,18277.24064097066,5
2040,18772.840191047024,5
2041,18945.644904566143,5
2042,19145.824020232838,5
2043,19355.800374232298,5
2044,19575.670637175404,5
2045,19805.22267157836,5
2046,21118.95915011212,5
2047,22560.30060813515,5
2048,24112.069822603647,5
2049,25784.829456780917,5
2050,27589.32475257998,5
2051,28233.899781531265,5
2052,28954.92875358453,5
2053,29725.280738386617,5
2054,30547.685663073677,5
2055,31424.90799337705,5
2056,32402.9650740623,5
2057,33464.83905568939,5
2058,34594.28291876643,5
2059,35796.099417977566,5
2060,37076.94642826298,5
2061,37682.037337555186,5
2062,38389.314496339604,5
2063,39152.61205703444,5
2064,39973.792625988484,5
2065,40855.09064587676,5
2066,41730.89913298494,5
2067,42710.55740079925,5
2068,43771.75996475434,5
2069,44923.35006278376,5
2070,46174.40035142824,5
2071,48296.245445091525,5
2072,50620.77074403635,5
2073,53130.99794995845,5
2074,55843.40267072272,5
2075,58775.74972204942,5
2076,59894.47414403791,5
2077,61137.01200756505,5
2078,62470.95633829643,5
2079,63902.80951834836,5
2080,65439.31071471674,5
2081,67734.9333171903,5
2082,70121.74411945244,5
2083,72642.7806757217,5
2084,75307.81710750106,5
2085,78128.11416253984,5
2086,79294.82505466075,5
2087,80552.48072341197,5
2088,81883.50325846557,5
2089,83288.59314017047,5
2090,84767.97749464079,5
2091,85689.94554484861,5
2092,86768.49579922762,5
2093,87948.44997831839,5
2094,89239.88054194844,5
2095,90646.5537145193,5
2096,92204.10182825987,5
2097,93983.84197430793,5
2098,95887.47549132556,5
2099,97917.74684855138,5
2100,100076.6933639647,5
2101,100623.31913842815,5
2102,101265.58013524073,5
2103,101971.38580123372,5
2104,102743.60095853636,5
2105,103586.19095408925,5
2106,102427.72161975571,5
2107,101495.66905583724,5
2108,100676.42008409604,5
2109,99961.1607288282,5
2110,99341.4471383512,5
2111,102542.45085740027,5
2112,105859.11567646051,5
2113,109373.20717377552,5
2114,113100.57181331798,5
2115,117054.21355406423,5
2116,114541.37684588408,5
2117,112298.7643716178,5
2118,110204.7771577235,5
2119,108245.9595229956,5
2120,106408.60780960706,5
2121,109903.19895987099,5
2122,113589.83949844867,5
2123,117497.38254671513,5
2124,121644.51762013265,5
2125,126048.4641114494,5
2126,124926.89226940867,5
2127,124025.52664926005,5
2128,123255.09571259106,5
2129,122610.04537969672,5
2130,122083.5231121718,5
2131,124577.49541569613,5
2132,127277.47808692533,5
2133,130205.6091421639,5
2134,133379.44215385913,5
2135,136818.68875088874,5
2136,135412.23199531113,5
2137,134223.30467427731,5
2138,133120.79898139922,5
2139,132101.25939510143,5
2140,131160.3108399584,5
2141,132265.7410285971,5
2142,133760.80072855862,5
2143,135363.41405706905,5
2144,137080.53044549946,5
2145,138916.88966840916,5
2146,134685.39043114125,5
2147,130604.37820912056,5
2148,126808.834117019,5
2149,123281.83755750793,5
2150,120005.7375460418,5
2151,118070.03027247761,5
2152,116060.54107700117,5
2153,114163.12630668009,5
2154,112375.31090265026,5
2155,110701.66044977505,5
2156,109354.17585445335,5
2157,108204.65448541008,5
2158,107190.90617617642,5
2159,106308.68649233658,5
2160,105552.48274098012,5
2161,100476.24408859831,5
2162,95670.90122304928,5
2163,91194.91513997682,5
2164,87024.100934648,5
2165,83144.53062591123,5
2166,84092.79811198091,5
2167,85218.86538731484,5
2168,86498.2442130498,5
2169,87928.13351130814,5
2170,89507.55203508965,5
2171,89528.80159118219,5
2172,89583.66269185967,5
2173,89701.43251870711,5
2174,89885.14010885777,5
2175,90140.9142893217,5
2176,86531.88097254529,5
2177,83150.57064527017,5
2178,79983.59842400042,5
2179,77016.22716121857,5
2180,74234.87153514015,5
2181,74010.96562070119,5
2182,73900.21211794684,5
2183,73868.71428051966,5
2184,73915.39158708563,5
2185,74039.09372773184,5
2186,74455.3823911322,5
2187,74956.82563893193,5
2188,75543.75010816408,5
2189,76219.42961322534,5
2190,76991.78020145175,5
2191,76424.85477724574,5
2192,75977.2825193744,5
2193,75591.3659155353,5
2194,75265.40145376167,5
2195,74997.92390061886,5
2196,75612.54415752886,5
2197,76364.08335048528,5
2198,77307.96648399015,5
2199,78457.10297828616,5
2200,79823.51535629391,5
2201,81354.60765384587,5
2202,83012.21813285575,5
2203,84790.73532150588,5
2204,86695.52384407145,5
2205,88731.40733687818,5
2206,89439.89383294844,5
2207,90123.86568706948,5
2208,90855.51523702,5
2209,91635.40646545133,5
2210,92466.41662765924,5
2211,93261.80221559956,5
2212,94177.47009605891,5
2213,95203.29415866184,5
2214,96343.08736136775,5
2215,97601.74705259605,5
2216,101201.97855095724,5
2217,105121.92833394416,5
2218,109314.71883564543,5
2219,113794.6846183393,5
2220,118577.17821546739,5
2221,116642.46581906952,5
2222,114925.61949459054,5
2223,113354.1351454155,5
2224,111935.83998349673,5
2225,110670.61504466578,5
2226,109475.1442036886,5
2227,108457.57268866697,5
2228,107596.82408603858,5
2229,106884.71470104104,5
2230,106311.93786100073,5
2231,110439.09193084286,5
2232,114910.52525905288,5
2233,119771.7386456235,5
2234,125069.31768252565,5
2235,130857.51413679903,5
2236,131406.13448831794,5
2237,131999.66490501154,5
2238,132679.17802369804,5
2239,133443.19700869915,5
2240,134289.5926242078,5
2241,137653.84756330508,5
2242,141409.01153981604,5
2243,145356.26686829593,5
2244,149512.51258998856,5
2245,153893.02398857818,5
2246,157156.843964805,5
2247,160572.6909236533,5
2248,164229.14459126437,5
2249,168135.47234912822,5
2250,172300.79199121866,5
2251,173232.27633145853,5
2252,174431.45820872713,5
2253,175836.63753309313,5
2254,177453.5086313877,5
2255,179296.6072173458,5
2256,181214.1938544035,5
2257,183608.63863602967,5
2258,186237.255260577,5
2259,189104.63893713665,5
2260,192217.01736645005,5
2261,197098.8310453244,5
2262,202422.48629774147,5
2263,208137.76660880394,5
2264,214256.46346872533,5
2265,220791.4584493264,5
2266,228820.1191551516,5
2267,237505.44398391218,5
2268,246810.70100923098,5
2269,256790.22450082382,5
2270,267489.92257519433,5
2271,267968.2532097773,5
2272,268563.78395261656,5
2273,269497.3789205586,5
2274,270758.38735711615,5
2275,272341.8234930817,5
2276,262354.0491904666,5
2277,252831.99249631236,5
2278,243937.92226212137,5
2279,235635.55683230975,5
2280,227892.60447806225,5
2281,225676.69175541948,5
2282,223321.40147675097,5
2283,221182.21511763215,5
2284,219245.73928741744,5
2285,217497.20413729522,5
2286,214948.07549023538,5
2287,212742.91982817766,5
2288,210791.76871351487,5
2289,209097.03467576546,5
2290,207649.07594397577,5
2291,206874.9894717147,5
2292,206362.7744065262,5
2293,206085.3049040973,5
2294,206039.24386411696,5
2295,206220.55378026518,5
2296,211253.91082741963,5
2297,216918.1703454306,5
2298,222933.95174032732,5
2299,229330.24617525234,5
2300,236128.54323422536,5
1750,NA,6
1751,NA,6
1752,NA,6
1753,NA,6
1754,NA,6
1755,NA,6
1756,NA,6
1757,NA,6
1758,NA,6
1759,NA,6
1760,NA,6
1761,NA,6
1762,NA,6
1763,NA,6
1764,NA,6
1765,NA,6
1766,NA,6
1767,NA,6
1768,NA,6
1769,NA,6
1770,NA,6
1771,NA,6
1772,NA,6
1773,NA,6
1774,NA,6
1775,NA,6
1776,NA,6
1777,NA,6
1778,NA,6
1779,NA,6
1780,NA,6
1781,NA,6
1782,NA,6
1783,NA,6
1784,NA,6
1785,NA,6
1786,NA,6
1787,NA,6
1788,NA,6
1789,NA,6
1790,NA,6
1791,NA,6
1792,NA,6
1793,NA,6
1794,NA,6
1795,NA,6
1796,NA,6
1797,NA,6
1798,NA,6
1799,NA,6
1800,NA,6
1801,NA,6
1802,NA,6
1803,NA,6
1804,NA,6
1805,NA,6
1806,NA,6
1807,NA,6
1808,NA,6
1809,NA,6
1810,NA,6
1811,NA,6
1812,NA,6
1813,NA,6
1814,NA,6
1815,NA,6
1816,NA,6
1817,NA,6
1818,NA,6
1819,NA,6
1820,NA,6
1821,NA,6
1822,NA,6
1823,NA,6
1824,NA,6
1825,NA,6
1826,NA,6
1827,NA,6
1828,NA,6
1829,NA,6
1830,NA,6
1831,NA,6
1832,NA,6
1833,NA,6
1834,NA,6
1835,NA,6
1836,NA,6
1837,NA,6
1838,NA,6
1839,NA,6
1840,NA,6
1841,NA,6
1842,NA,6
1843,NA,6
1844,NA,6
1845,NA,6
1846,NA,6
1847,NA,6
1848,NA,6
1849,NA,6
1850,NA,6
1851,NA,6
1852,NA,6
1853,NA,6
1854,NA,6
1855,NA,6
1856,NA,6
1857,NA,6
1858,NA,6
1859,NA,6
1860,NA,6
1861,NA,6
1862,NA,6
1863,NA,6
1864,NA,6
1865,NA,6
1866,NA,6
1867,NA,6
1868,NA,6
1869,NA,6
1870,NA,6
1871,NA,6
1872,NA,6
1873,NA,6
1874,NA,6
1875,NA,6
1876,NA,6
1877,NA,6
1878,NA,6
1879,NA,6
1880,NA,6
1881,NA,6
1882,NA,6
1883,NA,6
1884,NA,6
1885,NA,6
1886,NA,6
1887,NA,6
1888,NA,6
1889,NA,6
1890,NA,6
1891,NA,6
1892,NA,6
1893,NA,6
1894,NA,6
1895,NA,6
1896,NA,6
1897,NA,6
1898,NA,6
1899,NA,6
1900,NA,6
1901,NA,6
1902,NA,6
1903,NA,6
1904,NA,6
1905,NA,6
1906,NA,6
1907,NA,6
1908,NA,6
1909,NA,6
1910,NA,6
1911,NA,6
1912,NA,6
1913,NA,6
1914,NA,6
1915,NA,6
1916,NA,6
1917,NA,6
1918,NA,6
1919,NA,6
1920,NA,6
1921,NA,6
1922,NA,6
1923,NA,6
1924,NA,6
1925,NA,6
1926,NA,6
1927,NA,6
1928,NA,6
1929,NA,6
1930,NA,6
1931,NA,6
1932,NA,6
1933,NA,6
1934,NA,6
1935,NA,6
1936,NA,6
1937,NA,6
1938,NA,6
1939,NA,6
1940,NA,6
1941,NA,6
1942,NA,6
1943,NA,6
1944,NA,6
1945,NA,6
1946,NA,6
1947,NA,6
1948,NA,6
1949,NA,6
1950,NA,6
1951,NA,6
1952,NA,6
1953,NA,6
1954,NA,6
1955,NA,6
1956,NA,6
1957,NA,6
1958,NA,6
1959,NA,6
1960,NA,6
1961,NA,6
1962,NA,6
1963,NA,6
1964,NA,6
1965,NA,6
1966,NA,6
1967,NA,6
1968,NA,6
1969,NA,6
1970,NA,6
1971,NA,6
1972,NA,6
1973,NA,6
1974,NA,6
1975,NA,6
1976,NA,6
1977,NA,6
1978,NA,6
1979,NA,6
1980,NA,6
1981,NA,6
1982,NA,6
1983,NA,6
1984,NA,6
1985,NA,6
1986,NA,6
1987,NA,6
1988,NA,6
1989,NA,6
1990,NA,6
1991,NA,6
1992,NA,6
1993,NA,6
1994,NA,6
1995,NA,6
1996,NA,6
1997,NA,6
1998,NA,6
1999,NA,6
2000,NA,6
2001,NA,6
2002,NA,6
2003,NA,6
2004,NA,6
2005,NA,6
2006,NA,6
2007,NA,6
2008,NA,6
2009,NA,6
2010,NA,6
2011,NA,6
2012,NA,6
2013,NA,6
2014,NA,6
2015,NA,6
2016,NA,6
2017,NA,6
2018,NA,6
2019,NA,6
2020,12040.677706717312,6
2021,12293.924145577219,6
2022,12564.867924972634,6
2023,12854.92009938506,6
2024,13165.926251972034,6
2025,13500.160002293285,6
2026,13601.35600280805,6
2027,13731.259001052094,6
2028,13883.229608461494,6
2029,14057.536733414321,6
2030,14254.623149056468,6
2031,14525.624788423116,6
2032,14822.042430247735,6
2033,15133.485707378479,6
2034,15459.85040839195,6
2035,15802.726082004185,6
2036,15863.738437104535,6
2037,15949.895046133013,6
2038,16052.501375592088,6
2039,16171.9204950429,6
2040,16309.16581127669,6
2041,16092.813563349117,6
2042,15913.56378744978,6
2043,15763.967518177202,6
2044,15642.322940727236,6
2045,15546.497486183021,6
2046,15842.16128607596,6
2047,16162.287781181263,6
2048,16501.01445830052,6
2049,16861.11546831767,6
2050,17244.74176169638,6
2051,17444.553193134056,6
2052,17673.72527269194,6
2053,17923.232116360883,6
2054,18192.69086683463,6
2055,18481.24280368724,6
2056,18402.966504146847,6
2057,18349.98837949346,6
2058,18312.88738452038,6
2059,18291.002778281654,6
2060,18285.367984230896,6
2061,18470.599213928843,6
2062,18696.196901981137,6
2063,18956.180050371488,6
2064,19250.433885363145,6
2065,19579.198418564567,6
2066,20231.120329748774,6
2067,20918.94172843515,6
2068,21645.04283408034,6
2069,22414.49900525563,6
2070,23232.44628011166,6
2071,22951.539724661947,6
2072,22697.12452095616,6
2073,22464.925891467155,6
2074,22254.1031253374,6
2075,22063.612307693485,6
2076,23173.17470456176,6
2077,24359.259288732123,6
2078,25628.325448844367,6
2079,26986.238217159298,6
2080,28441.01358445206,6
2081,28601.523540570273,6
2082,28771.690511849676,6
2083,28959.29723352251,6
2084,29165.052192002702,6
2085,29390.00298423486,6
2086,30908.37183366115,6
2087,32524.97277409659,6
2088,34246.67776567252,6
2089,36078.57524879408,6
2090,38025.05962004303,6
2091,38530.7389150283,6
2092,39066.59268035048,6
2093,39631.8329626151,6
2094,40234.5911810939,6
2095,40876.12429406523,6
2096,41173.48213448903,6
2097,41520.34890737069,6
2098,41909.203425965985,6
2099,42338.98302323345,6
2100,42807.27733622351,6
2101,43626.16498803938,6
2102,44508.36280672476,6
2103,45454.77677121032,6
2104,46469.76690709804,6
2105,47558.99598227681,6
2106,47214.064272324154,6
2107,46920.60074065025,6
2108,46667.48761475545,6
2109,46451.28128628986,6
2110,46268.53762097488,6
2111,46794.98080022515,6
2112,47354.14334262296,6
2113,47955.34121422695,6
2114,48602.81768250426,6
2115,49298.912344919576,6
2116,49691.47348897925,6
2117,50138.86450432718,6
2118,50660.266289681735,6
2119,51256.39330898327,6
2120,51926.74398672991,6
2121,51451.20803184186,6
2122,51014.32161975802,6
2123,50635.39816114817,6
2124,50315.988167240175,6
2125,50055.6905899919,6
2126,50265.55882861792,6
2127,50516.62332277995,6
2128,50816.23521534596,6
2129,51163.18082953749,6
2130,51555.05340262812,6
2131,53464.602655794944,6
2132,55483.30770227915,6
2133,57623.42629832737,6
2134,59896.65375603807,6
2135,62316.51599954842,6
2136,63176.368441948944,6
2137,64142.41693168002,6
2138,65203.43591943335,6
2139,66363.90513256627,6
2140,67627.96173071324,6
2141,67051.20243236207,6
2142,66533.46705704465,6
2143,66056.89655938609,6
2144,65622.87205536626,6
2145,65231.26084493749,6
2146,66662.10499831618,6
2147,68160.52509655568,6
2148,69745.48682552243,6
2149,71421.80380482526,6
2150,73192.61298194532,6
2151,73549.71510760105,6
2152,73967.65866440612,6
2153,74438.75629935005,6
2154,74963.77189541938,6
2155,75550.32441363965,6
2156,75125.9014948891,6
2157,74788.08165784866,6
2158,74567.34593434709,6
2159,74459.75078806488,6
2160,74460.27503739015,6
2161,73935.72023765402,6
2162,73474.76850611229,6
2163,73102.62439725468,6
2164,72814.94155625509,6
2165,72617.68716557052,6
2166,73685.10939979453,6
2167,74853.67248095568,6
2168,76158.9022838938,6
2169,77604.39435506114,6
2170,79195.28028059284,6
2171,79637.65210890182,6
2172,80200.42162715524,6
2173,80849.60573140609,6
2174,81586.89196336438,6
2175,82418.00169157484,6
2176,85872.2703784486,6
2177,89612.39764436794,6
2178,93607.44869716052,6
2179,97875.9281279276,6
2180,102437.44131761389,6
2181,104458.65391466979,6
2182,106665.2524819405,6
2183,109080.8230325916,6
2184,111712.93736128374,6
2185,114569.29165496059,6
2186,119705.7900553833,6
2187,125321.96152098042,6
2188,131466.90482819194,6
2189,138206.74357311262,6
2190,145627.44597036747,6
2191,144932.25044058863,6
2192,144401.86583044485,6
2193,143991.6154017692,6
2194,143696.7196280969,6
2195,143512.72285213086,6
2196,143203.6463510158,6
2197,143054.39535257177,6
2198,143072.53337925684,6
2199,143270.47952819642,6
2200,143657.29624668337,6
2201,145176.9936730753,6
2202,146830.51165198878,6
2203,148640.94997267326,6
2204,150613.49641565882,6
2205,152751.50875986865,6
2206,151437.69750518212,6
2207,150231.8029044263,6
2208,149211.0354371446,6
2209,148372.77469965135,6
2210,147721.0083131608,6
2211,150618.0923347404,6
2212,153743.78644017773,6
2213,157130.6332145895,6
2214,160791.30425795188,6
2215,164740.14834789568,6
2216,168662.4137488079,6
2217,172860.82301337415,6
2218,177305.18206312606,6
2219,182002.59927832923,6
2220,186959.36014483648,6
2221,185480.87382266196,6
2222,184220.57676916796,6
2223,183200.29478430908,6
2224,182432.81355219142,6
2225,181912.4533997558,6
2226,186306.74097900846,6
2227,190969.43407845398,6
2228,195896.36099507182,6
2229,201093.3560895369,6
2230,206560.3216570721,6
2231,215928.03241237288,6
2232,226052.30700131424,6
2233,236976.8164718455,6
2234,248788.20539754504,6
2235,261583.61774964444,6
2236,267127.01471911394,6
2237,273016.93145642005,6
2238,279365.7548009353,6
2239,286194.51695997966,6
2240,293522.6785434827,6
2241,303850.66212484776,6
2242,314627.70466252655,6
2243,325971.8233946042,6
2244,337935.53997593914,6
2245,350568.6784799209,6
2246,378771.75848214637,6
2247,409888.8500260889,6
2248,444036.81328264077,6
2249,481534.3882384103,6
2250,522729.9579741375,6
2251,534386.1597776358,6
2252,547212.4121110217,6
2253,561323.8784071928,6
2254,576779.2063112487,6
2255,593682.0926818454,6
2256,586378.0829806332,6
2257,580314.3404711646,6
2258,575336.6055522677,6
2259,571393.7358765309,6
2260,568441.7965169078,6
2261,564537.17665457,6
2262,561743.9927890822,6
2263,559847.140433014,6
2264,558814.9887773461,6
2265,558621.6026090011,6
2266,552153.441693011,6
2267,546883.0319861679,6
2268,543019.2039074046,6
2269,540537.5966790759,6
2270,539380.2951505608,6
2271,535125.0496481542,6
2272,531445.7848896685,6
2273,528590.6246395161,6
2274,526521.6930541033,6
2275,525219.3486999683,6
2276,538947.0810964039,6
2277,553733.2835484144,6
2278,569496.3598139358,6
2279,586308.4688154797,6
2280,604254.3311982322,6
2281,618090.2485157058,6
2282,633193.192433638,6
2283,649631.5313067886,6
2284,667402.352822562,6
2285,686492.6398407166,6
2286,686069.163300117,6
2287,686999.2965399777,6
2288,688766.0187077132,6
2289,691450.2318867273,6
2290,695074.3706039807,6
2291,679631.3825976371,6
2292,664993.6452935032,6
2293,651148.3553657163,6
2294,638031.6914297622,6
2295,625573.6653184274,6
2296,644738.7948680557,6
2297,665199.9156453601,6
2298,687115.8769696786,6
2299,710647.3184276324,6
2300,735925.6360587252,6
1750,NA,7
1751,NA,7
1752,NA,7
1753,NA,7
1754,NA,7
1755,NA,7
1756,NA,7
1757,NA,7
1758,NA,7
1759,NA,7
1760,NA,7
1761,NA,7
1762,NA,7
1763,NA,7
1764,NA,7
1765,NA,7
1766,NA,7
1767,NA,7
1768,NA,7
1769,NA,7
1770,NA,7
1771,NA,7
1772,NA,7
1773,NA,7
1774,NA,7
1775,NA,7
1776,NA,7
1777,NA,7
1778,NA,7
1779,NA,7
1780,NA,7
1781,NA,7
1782,NA,7
1783,NA,7
1784,NA,7
1785,NA,7
1786,NA,7
1787,NA,7
1788,NA,7
1789,NA,7
1790,NA,7
1791,NA,7
1792,NA,7
1793,NA,7
1794,NA,7
1795,NA,7
1796,NA,7
1797,NA,7
1798,NA,7
1799,NA,7
1800,NA,7
1801,NA,7
1802,NA,7
1803,NA,7
1804,NA,7
1805,NA,7
1806,NA,7
1807,NA,7
1808,NA,7
1809,NA,7
1810,NA,7
1811,NA,7
1812,NA,7
1813,NA,7
1814,NA,7
1815,NA,7
1816,NA,7
1817,NA,7
1818,NA,7
1819,NA,7
1820,NA,7
1821,NA,7
1822,NA,7
1823,NA,7
1824,NA,7
1825,NA,7
1826,NA,7
1827,NA,7
1828,NA,7
1829,NA,7
1830,NA,7
1831,NA,7
1832,NA,7
1833,NA,7
1834,NA,7
1835,NA,7
1836,NA,7
1837,NA,7
1838,NA,7
1839,NA,7
1840,NA,7
1841,NA,7
1842,NA,7
1843,NA,7
1844,NA,7
1845,NA,7
1846,NA,7
1847,NA,7
1848,NA,7
1849,NA,7
1850,NA,7
1851,NA,7
1852,NA,7
1853,NA,7
1854,NA,7
1855,NA,7
1856,NA,7
1857,NA,7
1858,NA,7
1859,NA,7
1860,NA,7
1861,NA,7
1862,NA,7
1863,NA,7
1864,NA,7
1865,NA,7
1866,NA,7
1867,NA,7
1868,NA,7
1869,NA,7
1870,NA,7
1871,NA,7
1872,NA,7
1873,NA,7
1874,NA,7
1875,NA,7
1876,NA,7
1877,NA,7
1878,NA,7
1879,NA,7
1880,NA,7
1881,NA,7
1882,NA,7
1883,NA,7
1884,NA,7
1885,NA,7
1886,NA,7
1887,NA,7
1888,NA,7
1889,NA,7
1890,NA,7
1891,NA,7
1892,NA,7
1893,NA,7
1894,NA,7
1895,NA,7
1896,NA,7
1897,NA,7
1898,NA,7
1899,NA,7
1900,NA,7
1901,NA,7
1902,NA,7
1903,NA,7
1904,NA,7
1905,NA,7
1906,NA,7
1907,NA,7
1908,NA,7
1909,NA,7
1910,NA,7
1911,NA,7
1912,NA,7
1913,NA,7
1914,NA,7
1915,NA,7
1916,NA,7
1917,NA,7
1918,NA,7
1919,NA,7
1920,NA,7
1921,NA,7
1922,NA,7
1923,NA,7
1924,NA,7
1925,NA,7
1926,NA,7
1927,NA,7
1928,NA,7
1929,NA,7
1930,NA,7
1931,NA,7
1932,NA,7
1933,NA,7
1934,NA,7
1935,NA,7
1936,NA,7
1937,NA,7
1938,NA,7
1939,NA,7
1940,NA,7
1941,NA,7
1942,NA,7
1943,NA,7
1944,NA,7
1945,NA,7
1946,NA,7
1947,NA,7
1948,NA,7
1949,NA,7
1950,NA,7
1951,NA,7
1952,NA,7
1953,NA,7
1954,NA,7
1955,NA,7
1956,NA,7
1957,NA,7
1958,NA,7
1959,NA,7
1960,NA,7
1961,NA,7
1962,NA,7
1963,NA,7
1964,NA,7
1965,NA,7
1966,NA,7
1967,NA,7
1968,NA,7
1969,NA,7
1970,NA,7
1971,NA,7
1972,NA,7
1973,NA,7
1974,NA,7
1975,NA,7
1976,NA,7
1977,NA,7
1978,NA,7
1979,NA,7
1980,NA,7
1981,NA,7
1982,NA,7
1983,NA,7
1984,NA,7
1985,NA,7
1986,NA,7
1987,NA,7
1988,NA,7
1989,NA,7
1990,NA,7
1991,NA,7
1992,NA,7
1993,NA,7
1994,NA,7
1995,NA,7
1996,NA,7
1997,NA,7
1998,NA,7
1999,NA,7
2000,NA,7
2001,NA,7
2002,NA,7
2003,NA,7
2004,NA,7
2005,NA,7
2006,NA,7
2007,NA,7
2008,NA,7
2009,NA,7
2010,NA,7
2011,NA,7
2012,NA,7
2013,NA,7
2014,NA,7
2015,NA,7
2016,NA,7
2017,NA,7
2018,NA,7
2019,NA,7
2020,14458.555125691755,7
2021,14849.560995613168,7
2022,15263.636664229603,7
2023,15701.958851622352,7
2024,16165.925574777522,7
2025,16657.163019079904,7
2026,16898.030351432186,7
2027,17158.98779987832,7
2028,17432.715515885287,7
2029,17719.40074680202,7
2030,18019.200604462592,7
2031,17477.114532439253,7
2032,16972.36412718805,7
2033,16493.945064804262,7
2034,16040.37032160948,7
2035,15610.788209513345,7
2036,15887.210331477085,7
2037,16200.18923388691,7
2038,16541.86667222991,7
2039,16915.21903807437,7
2040,17323.721747084644,7
2041,18039.11932951516,7
2042,18869.900056202856,7
2043,19821.42257768845,7
2044,20911.61078488715,7
2045,22163.966548578388,7
2046,22405.609563221053,7
2047,22696.800103810325,7
2048,23011.386441119652,7
2049,23351.50800986979,7
2050,23718.737549509362,7
2051,23512.091778340335,7
2052,23356.894150890814,7
2053,23240.215326283498,7
2054,23160.050636513515,7
2055,23114.33346523362,7
2056,23762.808988545552,7
2057,24469.74947487076,7
2058,25219.952264778596,7
2059,26016.443743032225,7
2060,26863.626297373743,7
2061,26856.374638846937,7
2062,26900.953935526857,7
2063,26968.511912175756,7
2064,27058.263679590636,7
2065,27169.60897483827,7
2066,27509.10562642813,7
2067,27877.556460672968,7
2068,28263.493051322595,7
2069,28669.14481720441,7
2070,29096.49642219355,7
2071,30513.043316868887,7
2072,32059.30042039914,7
2073,33719.665400201804,7
2074,35503.60383380139,7
2075,37421.23361237783,7
2076,37193.866495121816,7
2077,37017.47181773813,7
2078,36875.994994547444,7
2079,36768.65518770099,7
2080,36695.79145428452,7
2081,37938.13016661735,7
2082,39270.88096175708,7
2083,40696.881981057915,7
2084,42222.36980351059,7
2085,43854.34190143049,7
2086,44710.01566379645,7
2087,45645.55893088949,7
2088,46665.959759667516,7
2089,47776.93814322137,7
2090,48984.63744378408,7
2091,48929.18156784476,7
2092,48937.1014239653,7
2093,49020.26821235942,7
2094,49183.13809416685,7
2095,49426.55786609402,7
2096,50760.601029447964,7
2097,52279.11695787808,7
2098,53955.19526646391,7
2099,55800.095745168146,7
2100,57825.47842575807,7
2101,57462.64901071044,7
2102,57228.58316778996,7
2103,57041.92637031562,7
2104,56903.76972768394,7
2105,56816.160479362916,7
2106,58830.024038612246,7
2107,61114.6519240645,7
2108,63635.56013341226,7
2109,66409.28996097321,7
2110,69453.4986145258,7
2111,69810.42477535336,7
2112,70261.79468980782,7
2113,70781.07117034921,7
2114,71372.81314219629,7
2115,72038.99257654761,7
2116,70890.86320130565,7
2117,69790.67999881886,7
2118,68782.25913026238,7
2119,67862.4890737534,7
2120,67027.05502608638,7
2121,65403.23037450451,7
2122,63963.2417007427,7
2123,62718.26434112621,7
2124,61664.87153726364,7
2125,60798.88112384687,7
2126,59554.16997838287,7
2127,58413.24844344597,7
2128,57368.55753352048,7
2129,56419.622375241735,7
2130,55565.97823108764,7
2131,55152.43488677175,7
2132,54783.2730523428,7
2133,54470.44107452786,7
2134,54215.5675332549,7
2135,54020.77752829811,7
2136,54355.86054674602,7
2137,54769.755645313795,7
2138,55244.42559691981,7
2139,55781.31906264812,7
2140,56381.471388634,7
2141,56040.168379949166,7
2142,55748.35951138191,7
2143,55490.62308825979,7
2144,55268.83536202566,7
2145,55083.635096286314,7
2146,56091.18773661206,7
2147,57171.43160678039,7
2148,58330.54678657641,7
2149,59571.55970695542,7
2150,60896.23139863214,7
2151,60448.903629314926,7
2152,60093.48064027832,7
2153,59797.0091846072,7
2154,59559.07588156734,7
2155,59384.29662642171,7
2156,57402.74356577068,7
2157,55569.56665519927,7
2158,53858.44930763033,7
2159,52261.024655853624,7
2160,50768.28177288413,7
2161,49502.60397691034,7
2162,48357.80750881706,7
2163,47312.66841738167,7
2164,46362.501878472125,7
2165,45508.689943188605,7
2166,44699.69401413797,7
2167,43961.04021193042,7
2168,43270.34736301692,7
2169,42624.27129680261,7
2170,42020.39809660345,7
2171,43682.10664627123,7
2172,45455.4283962871,7
2173,47346.06915992675,7
2174,49363.474882106246,7
2175,51519.914480426305,7
2176,51574.158477860685,7
2177,51682.11275665137,7
2178,51859.12694617116,7
2179,52105.615653713736,7
2180,52422.1201956157,7
2181,53110.72118520769,7
2182,53929.71967029793,7
2183,54841.22653999732,7
2184,55849.79230059741,7
2185,56960.237646553505,7
2186,57728.78037413465,7
2187,58575.60111837516,7
2188,59493.87256667244,7
2189,60488.83481804037,7
2190,61570.2282079914,7
2191,60694.762109942276,7
2192,59904.8765434834,7
2193,59187.377897099504,7
2194,58539.63790381364,7
2195,57959.33971494002,7
2196,58807.679529210676,7
2197,59807.52489616501,7
2198,60953.28065290944,7
2199,62262.9792550915,7
2200,63754.880205455745,7
2201,62869.294321919384,7
2202,62052.074024621674,7
2203,61314.44810510163,7
2204,60653.0763996432,7
2205,60064.045810931166,7
2206,63481.20582264936,7
2207,67188.20183251427,7
2208,71189.55148104468,7
2209,75510.97272987946,7
2210,80183.6692107587,7
2211,81397.8173702531,7
2212,82796.19105564526,7
2213,84323.47168436425,7
2214,85987.91307845392,7
2215,87798.96217087183,7
2216,86999.21018363265,7
2217,86341.45828170616,7
2218,85806.25735624523,7
2219,85387.8685821612,7
2220,85080.5928111763,7
2221,88351.96950975241,7
2222,91854.76099664877,7
2223,95575.3040062632,7
2224,99536.24453563656,7
2225,103751.90538467394,7
2226,102552.7112675596,7
2227,101532.58083743222,7
2228,100596.04492696117,7
2229,99738.11124083032,7
2230,98951.55026074062,7
2231,96866.22783536417,7
2232,94958.46774080678,7
2233,93250.62640354678,7
2234,91740.83275156448,7
2235,90426.65852095673,7
2236,89091.28226577108,7
2237,87982.25126567109,7
2238,87085.61550026825,7
2239,86386.66867846211,7
2240,85871.40596510559,7
2241,83135.1818479671,7
2242,80604.46096747764,7
2243,78307.11463153448,7
2244,76230.48084683905,7
2245,74361.83204735008,7
2246,72550.70889158796,7
2247,70898.90937028741,7
2248,69376.2215947588,7
2249,67972.31297682521,7
2250,66677.02373963749,7
2251,63732.1667968705,7
2252,60997.701012985286,7
2253,58454.09925945146,7
2254,56085.406830814136,7
2255,53880.87877122148,7
2256,53267.75154714148,7
2257,52720.89928631317,7
2258,52262.7570890581,7
2259,51894.86423881054,7
2260,51619.364140927224,7
2261,51155.76039198099,7
2262,50720.94477102848,7
2263,50361.16798559641,7
2264,50071.99974338434,7
2265,49849.413448843035,7
2266,49761.39557117123,7
2267,49671.175574202265,7
2268,49613.341203929085,7
2269,49591.407562133936,7
2270,49604.575259185214,7
2271,49297.44639711476,7
2272,48983.415860563466,7
2273,48715.93803588894,7
2274,48491.62416314407,7
2275,48308.50071419085,7
2276,48065.04217029291,7
2277,47829.60331142829,7
2278,47622.77490619715,7
2279,47444.94132451097,7
2280,47297.04953494826,7
2281,48268.76815094525,7
2282,49309.79563425292,7
2283,50429.259732537124,7
2284,51627.73521648371,7
2285,52905.0359118897,7
2286,52763.037759969855,7
2287,52713.62301046105,7
2288,52754.04537193865,7
2289,52889.074736580566,7
2290,53118.63322503064,7
2291,53198.87628798364,7
2292,53418.055894681514,7
2293,53764.91654887703,7
2294,54240.41958660991,7
2295,54845.20045581927,7
2296,55319.609995013314,7
2297,55909.30786287805,7
2298,56606.28052151113,7
2299,57423.461847000464,7
2300,58370.89941300883,7
1750,NA,8
1751,NA,8
1752,NA,8
1753,NA,8
1754,NA,8
1755,NA,8
1756,NA,8
1757,NA,8
1758,NA,8
1759,NA,8
1760,NA,8
1761,NA,8
1762,NA,8
1763,NA,8
1764,NA,8
1765,NA,8
1766,NA,8
1767,NA,8
1768,NA,8
1769,NA,8
1770,NA,8
1771,NA,8
1772,NA,8
1773,NA,8
1774,NA,8
1775,NA,8
1776,NA,8
1777,NA,8
1778,NA,8
1779,NA,8
1780,NA,8
1781,NA,8
1782,NA,8
1783,NA,8
1784,NA,8
1785,NA,8
1786,NA,8
1787,NA,8
1788,NA,8
1789,NA,8
1790,NA,8
1791,NA,8
1792,NA,8
1793,NA,8
1794,NA,8
1795,NA,8
1796,NA,8
1797,NA,8
1798,NA,8
1799,NA,8
1800,NA,8
1801,NA,8
1802,NA,8
1803,NA,8
1804,NA,8
1805,NA,8
1806,NA,8
1807,NA,8
1808,NA,8
1809,NA,8
1810,NA,8
1811,NA,8
1812,NA,8
1813,NA,8
1814,NA,8
1815,NA,8
1816,NA,8
1817,NA,8
1818,NA,8
1819,NA,8
1820,NA,8
1821,NA,8
1822,NA,8
1823,NA,8
1824,NA,8
1825,NA,8
1826,NA,8
1827,NA,8
1828,NA,8
1829,NA,8
1830,NA,8
1831,NA,8
1832,NA,8
1833,NA,8
1834,NA,8
1835,NA,8
1836,NA,8
1837,NA,8
1838,NA,8
1839,NA,8
1840,NA,8
1841,NA,8
1842,NA,8
1843,NA,8
1844,NA,8
1845,NA,8
1846,NA,8
1847,NA,8
1848,NA,8
1849,NA,8
1850,NA,8
1851,NA,8
1852,NA,8
1853,NA,8
1854,NA,8
1855,NA,8
1856,NA,8
1857,NA,8
1858,NA,8
1859,NA,8
1860,NA,8
1861,NA,8
1862,NA,8
1863,NA,8
1864,NA,8
1865,NA,8
1866,NA,8
1867,NA,8
1868,NA,8
1869,NA,8
1870,NA,8
1871,NA,8
1872,NA,8
1873,NA,8
1874,NA,8
1875,NA,8
1876,NA,8
1877,NA,8
1878,NA,8
1879,NA,8
1880,NA,8
1881,NA,8
1882,NA,8
1883,NA,8
1884,NA,8
1885,NA,8
1886,NA,8
1887,NA,8
1888,NA,8
1889,NA,8
1890,NA,8
1891,NA,8
1892,NA,8
1893,NA,8
1894,NA,8
1895,NA,8
1896,NA,8
1897,NA,8
1898,NA,8
1899,NA,8
1900,NA,8
1901,NA,8
1902,NA,8
1903,NA,8
1904,NA,8
1905,NA,8
1906,NA,8
1907,NA,8
1908,NA,8
1909,NA,8
1910,NA,8
1911,NA,8
1912,NA,8
1913,NA,8
1914,NA,8
1915,NA,8
1916,NA,8
1917,NA,8
1918,NA,8
1919,NA,8
1920,NA,8
1921,NA,8
1922,NA,8
1923,NA,8
1924,NA,8
1925,NA,8
1926,NA,8
1927,NA,8
1928,NA,8
1929,NA,8
1930,NA,8
1931,NA,8
1932,NA,8
1933,NA,8
1934,NA,8
1935,NA,8
1936,NA,8
1937,NA,8
1938,NA,8
1939,NA,8
1940,NA,8
1941,NA,8
1942,NA,8
1943,NA,8
1944,NA,8
1945,NA,8
1946,NA,8
1947,NA,8
1948,NA,8
1949,NA,8
1950,NA,8
1951,NA,8
1952,NA,8
1953,NA,8
1954,NA,8
1955,NA,8
1956,NA,8
1957,NA,8
1958,NA,8
1959,NA,8
1960,NA,8
1961,NA,8
1962,NA,8
1963,NA,8
1964,NA,8
1965,NA,8
1966,NA,8
1967,NA,8
1968,NA,8
1969,NA,8
1970,NA,8
1971,NA,8
1972,NA,8
1973,NA,8
1974,NA,8
1975,NA,8
1976,NA,8
1977,NA,8
1978,NA,8
1979,NA,8
1980,NA,8
1981,NA,8
1982,NA,8
1983,NA,8
1984,NA,8
1985,NA,8
1986,NA,8
1987,NA,8
1988,NA,8
1989,NA,8
1990,NA,8
1991,NA,8
1992,NA,8
1993,NA,8
1994,NA,8
1995,NA,8
1996,NA,8
1997,NA,8
1998,NA,8
1999,NA,8
2000,NA,8
2001,NA,8
2002,NA,8
2003,NA,8
2004,NA,8
2005,NA,8
2006,NA,8
2007,NA,8
2008,NA,8
2009,NA,8
2010,NA,8
2011,NA,8
2012,NA,8
2013,NA,8
2014,NA,8
2015,NA,8
2016,NA,8
2017,NA,8
2018,NA,8
2019,NA,8
2020,15490.003240174497,8
2021,15801.472172445783,8
2022,16135.650671549683,8
2023,16493.609984889543,8
2024,16876.534636416007,8
2025,17285.723190197503,8
2026,18424.238523575517,8
2027,19652.784700577726,8
2028,20974.527116011795,8
2029,22397.746658487333,8
2030,23931.57181268039,8
2031,24271.307244802098,8
2032,24647.713434512963,8
2033,25050.67668822876,8
2034,25481.658649791563,8
2035,25942.649194315312,8
2036,26061.58383430962,8
2037,26218.665633631514,8
2038,26392.657392306126,8
2039,26579.910042639603,8
2040,26782.88016698819,8
2041,27989.277544680786,8
2042,29282.270723138212,8
2043,30652.021564733524,8
2044,32103.87205069724,8
2045,33643.515082605925,8
2046,33719.74511831,8
2047,33846.23253684591,8
2048,33995.524322317084,8
2049,34168.05298259971,8
2050,34364.037032880995,8
2051,36079.66404454576,8
2052,37931.15640316867,8
2053,39899.92118548996,8
2054,41994.575544499894,8
2055,44224.37395795567,8
2056,44884.5065642832,8
2057,45657.728325482516,8
2058,46521.93888914512,8
2059,47484.16615819684,8
2060,48552.64358178614,8
2061,48867.4949195662,8
2062,49266.40398988185,8
2063,49714.103683838366,8
2064,50211.639362185204,8
2065,50760.26182546006,8
2066,51646.32941179252,8
2067,52598.024807544025,8
2068,53596.21470605631,8
2069,54644.3958316822,8
2070,55746.26440052887,8
2071,58137.52723242345,8
2072,60726.229263169625,8
2073,63514.97326878641,8
2074,66525.00592479686,8
2075,69777.87223511287,8
2076,72361.32218401237,8
2077,75158.51627994218,8
2078,78142.85553883869,8
2079,81326.33593088214,8
2080,84722.61999401124,8
2081,89817.93321679448,8
2082,95308.22157703339,8
2083,101185.29687544172,8
2084,107479.48941663578,8
2085,114223.89927764494,8
2086,115683.87592198454,8
2087,117229.52740506308,8
2088,118856.16685452164,8
2089,120565.93034267756,8
2090,122360.87912215095,8
2091,125130.5104632795,8
2092,128225.3948441409,8
2093,131631.05267477923,8
2094,135368.6051563603,8
2095,139458.26083107945,8
2096,141222.28766045102,8
2097,143164.62757481818,8
2098,145260.131247268,8
2099,147514.4706602625,8
2100,149933.59830891443,8
2101,154506.75359374334,8
2102,159242.54182180495,8
2103,164229.34799116204,8
2104,169483.11641607303,8
2105,175022.17264740294,8
2106,184638.10846668,8
2107,194815.3724893991,8
2108,205702.0844052464,8
2109,217347.87081797692,8
2110,229805.53921398727,8
2111,239045.90329343252,8
2112,248701.84211650898,8
2113,258990.4210039485,8
2114,269997.0001893829,8
2115,281823.8010575586,8
2116,294570.24634112604,8
2117,308245.1166075619,8
2118,322745.619724095,8
2119,338121.288361679,8
2120,354421.5583065374,8
2121,353754.5420173557,8
2122,353640.1834681121,8
2123,353934.57337009406,8
2124,354644.06344383006,8
2125,355771.1646400732,8
2126,357619.70462137053,8
2127,359978.1913890452,8
2128,362652.4642210494,8
2129,365632.5683896361,8
2130,368907.7535797728,8
2131,381275.51800459257,8
2132,394234.08320833754,8
2133,407866.62327056314,8
2134,422215.75226621714,8
2135,437328.45434948395,8
2136,445495.80295542063,8
2137,454125.92472711945,8
2138,463312.58922053897,8
2139,473076.54627235106,8
2140,483437.69768005505,8
2141,509165.1940451035,8
2142,536844.1678645045,8
2143,566613.2909072381,8
2144,598651.7449409125,8
2145,633150.4832431669,8
2146,639762.5386052972,8
2147,647523.8038573178,8
2148,656227.0546420733,8
2149,665906.0795845478,8
2150,676593.2959847443,8
2151,710631.7124596261,8
2152,746602.1940639333,8
2153,785123.7893685825,8
2154,826403.0991228976,8
2155,870693.3422379952,8
2156,899921.0918095922,8
2157,931137.1215733009,8
2158,964315.9825253891,8
2159,999566.5370049817,8
2160,1.0369950218876328e6,8
2161,1.0480357731583003e6,8
2162,1.060466270660168e6,8
2163,1.0739957812921677e6,8
2164,1.0886375297826277e6,8
2165,1.1044565865050396e6,8
2166,1.1140126346647637e6,8
2167,1.1251698024574325e6,8
2168,1.1380260527777493e6,8
2169,1.1526141563830154e6,8
2170,1.1689791493395127e6,8
2171,1.2076907904765382e6,8
2172,1.2509182328407e6,8
2173,1.2966825111703076e6,8
2174,1.3451705330284152e6,8
2175,1.396610490128675e6,8
2176,1.440265356343476e6,8
2177,1.483825260514908e6,8
2178,1.5300300429342864e6,8
2179,1.5790334360714487e6,8
2180,1.6310016984437602e6,8
2181,1.5971420335173241e6,8
2182,1.5630049511693304e6,8
2183,1.5305344727343863e6,8
2184,1.4996716370885607e6,8
2185,1.4703587453107878e6,8
2186,1.4750310815545903e6,8
2187,1.4791824490335966e6,8
2188,1.4846364172878938e6,8
2189,1.4913871284345663e6,8
2190,1.4994628410058995e6,8
2191,1.4600463399864426e6,8
2192,1.4243147000091556e6,8
2193,1.390634722450804e6,8
2194,1.3588778471050756e6,8
2195,1.328926496826833e6,8
2196,1.327535677103718e6,8
2197,1.3270826500883244e6,8
2198,1.3275423581871095e6,8
2199,1.3289603308483327e6,8
2200,1.3313731927097116e6,8
2201,1.3094832741032154e6,8
2202,1.2890604184839875e6,8
2203,1.2703958287645502e6,8
2204,1.2533871564671125e6,8
2205,1.237937145124035e6,8
2206,1.2557307048683867e6,8
2207,1.2749236460321923e6,8
2208,1.2957841521273549e6,8
2209,1.318465842453829e6,8
2210,1.3431608793110314e6,8
2211,1.3714952286291951e6,8
2212,1.3999283132949248e6,8
2213,1.430222709612617e6,8
2214,1.4624889109935346e6,8
2215,1.496850580548073e6,8
2216,1.4973845999059703e6,8
2217,1.4998298306520088e6,8
2218,1.5034482404617616e6,8
2219,1.508231383849406e6,8
2220,1.5141726423879578e6,8
2221,1.5423831372881432e6,8
2222,1.5716649042491745e6,8
2223,1.6027709692981963e6,8
2224,1.6358223173846628e6,8
2225,1.6708949668683324e6,8
2226,1.7083104676738551e6,8
2227,1.747092378666672e6,8
2228,1.7894757252767945e6,8
2229,1.8357443732543802e6,8
2230,1.886196123381042e6,8
2231,1.8588698290382328e6,8
2232,1.8308794134501796e6,8
2233,1.8041476328385978e6,8
2234,1.778652919812106e6,8
2235,1.7543746798509953e6,8
2236,1.7269030548379386e6,8
2237,1.703349850279512e6,8
2238,1.6821945702060072e6,8
2239,1.6633144473108393e6,8
2240,1.646591055866737e6,8
2241,1.6061707055600826e6,8
2242,1.5693440778435445e6,8
2243,1.53584964910894e6,8
2244,1.505645984120156e6,8
2245,1.47869093899523e6,8
2246,1.4057412383966015e6,8
2247,1.3391460053554745e6,8
2248,1.2766925793684747e6,8
2249,1.218117484063154e6,8
2250,1.163172659250853e6,8
2251,1.1185721300131632e6,8
2252,1.076986564275236e6,8
2253,1.0381986007478697e6,8
2254,1.0019940939495775e6,8
2255,968197.642813633,8
2256,963332.9836083262,8
2257,959738.7058908893,8
2258,957354.2257508719,8
2259,956178.8551834296,8
2260,956217.6594707753,8
2261,953124.8523755815,8
2262,953766.892002493,8
2263,958078.8381258154,8
2264,965658.0229955179,8
2265,976168.6869711733,8
2266,990719.9131180356,8
2267,1.006507884297213e6,8
2268,1.0232762601986765e6,8
2269,1.0410809812675408e6,8
2270,1.0599527614041667e6,8
2271,1.0488228906612657e6,8
2272,1.0389809334492281e6,8
2273,1.0308374902490558e6,8
2274,1.024284924445371e6,8
2275,1.0192375022723428e6,8
2276,1.0204502809023649e6,8
2277,1.0219220772789724e6,8
2278,1.0242542281053809e6,8
2279,1.0274087685651302e6,8
2280,1.0313581945089917e6,8
2281,1.0244101502997432e6,8
2282,1.0190631580392255e6,8
2283,1.0147711221269257e6,8
2284,1.0115104530801725e6,8
2285,1.0092579008173338e6,8
2286,1.0074944246289067e6,8
2287,1.0077487937021944e6,8
2288,1.0089105600901456e6,8
2289,1.011089454432415e6,8
2290,1.0143801889116181e6,8
2291,1.0206860892804766e6,8
2292,1.0273029111208165e6,8
2293,1.0349370285808175e6,8
2294,1.0435560627350762e6,8
2295,1.0531255777756267e6,8
2296,1.0828921166720819e6,8
2297,1.1159863932400213e6,8
2298,1.1517428596691417e6,8
2299,1.190470020443797e6,8
2300,1.2324997407517477e6,8
1750,NA,9
1751,NA,9
1752,NA,9
1753,NA,9
1754,NA,9
1755,NA,9
1756,NA,9
1757,NA,9
1758,NA,9
1759,NA,9
1760,NA,9
1761,NA,9
1762,NA,9
1763,NA,9
1764,NA,9
1765,NA,9
1766,NA,9
1767,NA,9
1768,NA,9
1769,NA,9
1770,NA,9
1771,NA,9
1772,NA,9
1773,NA,9
1774,NA,9
1775,NA,9
1776,NA,9
1777,NA,9
1778,NA,9
1779,NA,9
1780,NA,9
1781,NA,9
1782,NA,9
1783,NA,9
1784,NA,9
1785,NA,9
1786,NA,9
1787,NA,9
1788,NA,9
1789,NA,9
1790,NA,9
1791,NA,9
1792,NA,9
1793,NA,9
1794,NA,9
1795,NA,9
1796,NA,9
1797,NA,9
1798,NA,9
1799,NA,9
1800,NA,9
1801,NA,9
1802,NA,9
1803,NA,9
1804,NA,9
1805,NA,9
1806,NA,9
1807,NA,9
1808,NA,9
1809,NA,9
1810,NA,9
1811,NA,9
1812,NA,9
1813,NA,9
1814,NA,9
1815,NA,9
1816,NA,9
1817,NA,9
1818,NA,9
1819,NA,9
1820,NA,9
1821,NA,9
1822,NA,9
1823,NA,9
1824,NA,9
1825,NA,9
1826,NA,9
1827,NA,9
1828,NA,9
1829,NA,9
1830,NA,9
1831,NA,9
1832,NA,9
1833,NA,9
1834,NA,9
1835,NA,9
1836,NA,9
1837,NA,9
1838,NA,9
1839,NA,9
1840,NA,9
1841,NA,9
1842,NA,9
1843,NA,9
1844,NA,9
1845,NA,9
1846,NA,9
1847,NA,9
1848,NA,9
1849,NA,9
1850,NA,9
1851,NA,9
1852,NA,9
1853,NA,9
1854,NA,9
1855,NA,9
1856,NA,9
1857,NA,9
1858,NA,9
1859,NA,9
1860,NA,9
1861,NA,9
1862,NA,9
1863,NA,9
1864,NA,9
1865,NA,9
1866,NA,9
1867,NA,9
1868,NA,9
1869,NA,9
1870,NA,9
1871,NA,9
1872,NA,9
1873,NA,9
1874,NA,9
1875,NA,9
1876,NA,9
1877,NA,9
1878,NA,9
1879,NA,9
1880,NA,9
1881,NA,9
1882,NA,9
1883,NA,9
1884,NA,9
1885,NA,9
1886,NA,9
1887,NA,9
1888,NA,9
1889,NA,9
1890,NA,9
1891,NA,9
1892,NA,9
1893,NA,9
1894,NA,9
1895,NA,9
1896,NA,9
1897,NA,9
1898,NA,9
1899,NA,9
1900,NA,9
1901,NA,9
1902,NA,9
1903,NA,9
1904,NA,9
1905,NA,9
1906,NA,9
1907,NA,9
1908,NA,9
1909,NA,9
1910,NA,9
1911,NA,9
1912,NA,9
1913,NA,9
1914,NA,9
1915,NA,9
1916,NA,9
1917,NA,9
1918,NA,9
1919,NA,9
1920,NA,9
1921,NA,9
1922,NA,9
1923,NA,9
1924,NA,9
1925,NA,9
1926,NA,9
1927,NA,9
1928,NA,9
1929,NA,9
1930,NA,9
1931,NA,9
1932,NA,9
1933,NA,9
1934,NA,9
1935,NA,9
1936,NA,9
1937,NA,9
1938,NA,9
1939,NA,9
1940,NA,9
1941,NA,9
1942,NA,9
1943,NA,9
1944,NA,9
1945,NA,9
1946,NA,9
1947,NA,9
1948,NA,9
1949,NA,9
1950,NA,9
1951,NA,9
1952,NA,9
1953,NA,9
1954,NA,9
1955,NA,9
1956,NA,9
1957,NA,9
1958,NA,9
1959,NA,9
1960,NA,9
1961,NA,9
1962,NA,9
1963,NA,9
1964,NA,9
1965,NA,9
1966,NA,9
1967,NA,9
1968,NA,9
1969,NA,9
1970,NA,9
1971,NA,9
1972,NA,9
1973,NA,9
1974,NA,9
1975,NA,9
1976,NA,9
1977,NA,9
1978,NA,9
1979,NA,9
1980,NA,9
1981,NA,9
1982,NA,9
1983,NA,9
1984,NA,9
1985,NA,9
1986,NA,9
1987,NA,9
1988,NA,9
1989,NA,9
1990,NA,9
1991,NA,9
1992,NA,9
1993,NA,9
1994,NA,9
1995,NA,9
1996,NA,9
1997,NA,9
1998,NA,9
1999,NA,9
2000,NA,9
2001,NA,9
2002,NA,9
2003,NA,9
2004,NA,9
2005,NA,9
2006,NA,9
2007,NA,9
2008,NA,9
2009,NA,9
2010,NA,9
2011,NA,9
2012,NA,9
2013,NA,9
2014,NA,9
2015,NA,9
2016,NA,9
2017,NA,9
2018,NA,9
2019,NA,9
2020,14457.486420551577,9
2021,14823.838367586555,9
2022,15206.813003377156,9
2023,15607.652683969514,9
2024,16027.775533534677,9
2025,16468.813317901742,9
2026,16864.459701851774,9
2027,17287.855466104753,9
2028,17733.495689001807,9
2029,18202.306152612626,9
2030,18694.965241421745,9
2031,19526.738187219213,9
2032,20422.262133408116,9
2033,21374.182912439748,9
2034,22386.297237828578,9
2035,23464.90371097778,9
2036,24514.44656055389,9
2037,25630.163074349974,9
2038,26807.75949397529,9
2039,28051.113372402844,9
2040,29364.752911943444,9
2041,28661.177346845714,9
2042,28012.180079471607,9
2043,27403.046814156645,9
2044,26830.62318074474,9
2045,26291.474526072925,9
2046,27143.08770632751,9
2047,28045.940175424803,9
2048,29001.544720667796,9
2049,30015.16176908309,9
2050,31090.881380799183,9
2051,31438.651655947688,9
2052,31821.170532076536,9
2053,32224.204556632827,9
2054,32647.19764446008,9
2055,33089.50231349121,9
2056,34113.79550946479,9
2057,35197.89684842252,9
2058,36339.62264908925,9
2059,37541.21790602297,9
2060,38807.46100543829,9
2061,39321.16353992695,9
2062,39879.61264549362,9
2063,40474.42750221745,9
2064,41106.521910793104,9
2065,41777.19363541327,9
2066,43799.187412063984,9
2067,45951.32799292308,9
2068,48237.9431909204,9
2069,50671.016799078694,9
2070,53261.94979703259,9
2071,54368.17483784241,9
2072,55557.803383543716,9
2073,56823.848582668164,9
2074,58172.32245577502,9
2075,59608.8774775843,9
2076,58842.41946196841,9
2077,58149.4040599106,9
2078,57516.66110095787,9
2079,56943.09475041631,9
2080,56429.22617260545,9
2081,57020.3489518909,9
2082,57647.759873090894,9
2083,58314.260798010524,9
2084,59019.81147218311,9
2085,59765.88394306573,9
2086,61078.44580042252,9
2087,62486.72120130743,9
2088,63996.85181104617,9
2089,65612.26132578852,9
2090,67336.35136865194,9
2091,68188.72192875265,9
2092,69074.71977310342,9
2093,70010.29960783811,9
2094,71004.19280473309,9
2095,72055.28404392721,9
2096,72593.23803829025,9
2097,73175.9321636975,9
2098,73815.3030883654,9
2099,74511.11005209725,9
2100,75262.43436841256,9
2101,74320.59689418552,9
2102,73505.24926699298,9
2103,72759.8524922521,9
2104,72089.24165527169,9
2105,71496.40365304273,9
2106,73011.48264773272,9
2107,74634.18165775084,9
2108,76368.88358845041,9
2109,78219.22285002207,9
2110,80188.47602819692,9
2111,82667.78989196633,9
2112,85303.36291414198,9
2113,88098.91014422958,9
2114,91066.62321632044,9
2115,94211.46489520947,9
2116,93619.83378599495,9
2117,93080.94117366763,9
2118,92581.92783888895,9
2119,92121.52120569581,9
2120,91695.22454179265,9
2121,94640.05274914607,9
2122,97779.38980875273,9
2123,101105.43910313548,9
2124,104628.1027949562,9
2125,108356.65905131631,9
2126,110870.31908290352,9
2127,113549.85683461725,9
2128,116370.8909405647,9
2129,119338.15507176895,9
2130,122453.36711482352,9
2131,124877.31184966619,9
2132,127298.553986496,9
2133,129846.73857460634,9
2134,132535.36952222686,9
2135,135378.5571932521,9
2136,133413.5892971378,9
2137,131639.14522861695,9
2138,129976.41214634196,9
2139,128426.40557884252,9
2140,126986.90573845906,9
2141,127401.24985277897,9
2142,127891.27964672208,9
2143,128441.70030333093,9
2144,129058.20003753743,9
2145,129742.01646504292,9
2146,134305.41020430624,9
2147,139202.6179645481,9
2148,144406.16260442944,9
2149,149937.38274075108,9
2150,155814.12784775364,9
2151,155746.2649855638,9
2152,155731.59037444944,9
2153,155777.07125638204,9
2154,155890.3344295733,9
2155,156094.31608550355,9
2156,152417.640965793,9
2157,148911.25846912773,9
2158,145615.0784013404,9
2159,142516.3152245245,9
2160,139600.6939105783,9
2161,138588.62397127613,9
2162,137633.38265745103,9
2163,136788.1867579891,9
2164,136055.91077134188,9
2165,135463.02178328004,9
2166,132174.37583979027,9
2167,129159.03343679057,9
2168,126416.83583994342,9
2169,123932.91346137814,9
2170,121702.7765970397,9
2171,122285.72475371399,9
2172,122959.56718606863,9
2173,123726.52223862204,9
2174,124598.34167699417,9
2175,125589.7577926659,9
2176,125890.81198879132,9
2177,126273.33095236194,9
2178,126771.27032280155,9
2179,127377.10976555679,9
2180,128087.83766314745,9
2181,126826.36466355725,9
2182,125746.177308207,9
2183,124811.91037560925,9
2184,124022.37733315061,9
2185,123376.76069725813,9
2186,120204.05573640967,9
2187,117221.8699661764,9
2188,114396.62718850232,9
2189,111716.22854855885,9
2190,109182.375988022,9
2191,109422.60679969443,9
2192,109743.15988002275,9
2193,110163.26457458892,9
2194,110684.21152463052,9
2195,111307.24197691552,9
2196,113395.05751178166,9
2197,115670.31628980837,9
2198,118112.35577353346,9
2199,120749.6976065844,9
2200,123602.99146653693,9
2201,120641.61125917235,9
2202,117868.61579056435,9
2203,115244.88149814763,9
2204,112766.2808568386,9
2205,110424.4148433743,9
2206,111069.49543461634,9
2207,111817.95468110766,9
2208,112672.5871230151,9
2209,113635.66973060204,9
2210,114714.75857833888,9
2211,111087.5584802126,9
2212,107716.21218898632,9
2213,104612.58362313481,9
2214,101762.61843313128,9
2215,99157.37383591846,9
2216,97393.9030778281,9
2217,95750.40152147063,9
2218,94225.27752476912,9
2219,92814.80208312579,9
2220,91515.95770058605,9
2221,90377.63281803775,9
2222,89458.39479404797,9
2223,88757.02251673171,9
2224,88272.0870158361,9
2225,87988.34872637303,9
2226,87328.59048029353,9
2227,86710.76731077273,9
2228,86163.1987087224,9
2229,85680.95001179966,9
2230,85257.2476400739,9
2231,88196.21179362833,9
2232,91447.33919936274,9
2233,94973.97128928817,9
2234,98801.81804677554,9
2235,102957.19956875287,9
2236,104141.54112055869,9
2237,105521.8816812232,9
2238,107053.16385752732,9
2239,108738.26518520642,9
2240,110579.19199310029,9
2241,109905.38932469899,9
2242,109329.63622795776,9
2243,108829.0406280048,9
2244,108408.58091435168,9
2245,108068.55019635722,9
2246,105163.73897867886,9
2247,102446.17175688581,9
2248,99862.86909842172,9
2249,97406.52393569391,9
2250,95068.75180027416,9
2251,94349.7898272242,9
2252,93692.68692737534,9
2253,93118.40061293021,9
2254,92627.05468478112,9
2255,92226.9513457222,9
2256,92721.40438625784,9
2257,93344.32145913836,9
2258,94083.62707313751,9
2259,94936.33137345001,9
2260,95902.62273587029,9
2261,95888.06615620859,9
2262,95958.08195101631,9
2263,96129.8709585788,9
2264,96406.02740032414,9
2265,96790.69171418923,9
2266,98796.97639836893,9
2267,100929.43142604774,9
2268,103238.01780984036,9
2269,105736.3278312158,9
2270,108428.65676533517,9
2271,109495.77544151476,9
2272,110700.34093181072,9
2273,111979.87354071382,9
2274,113329.42446180353,9
2275,114749.96793740267,9
2276,114775.39305852955,9
2277,114890.74170729273,9
2278,115102.28794854776,9
2279,115411.48497439639,9
2280,115822.3792559493,9
2281,116104.26435510168,9
2282,116497.48632334595,9
2283,116968.56571830469,9
2284,117514.81266461257,9
2285,118130.69473848912,9
2286,122375.24890410133,9
2287,127099.094756948,9
2288,132234.46668599886,9
2289,137820.8236207025,9
2290,143875.54472439608,9
2291,143392.26361376484,9
2292,143040.2510848678,9
2293,142846.86432264018,9
2294,142800.5570966977,9
2295,142889.4586424674,9
2296,147185.23448389684,9
2297,151727.16435796354,9
2298,156671.2177297647,9
2299,162067.55371824917,9
2300,167950.48482584438,9
1750,NA,10
1751,NA,10
1752,NA,10
1753,NA,10
1754,NA,10
1755,NA,10
1756,NA,10
1757,NA,10
1758,NA,10
1759,NA,10
1760,NA,10
1761,NA,10
1762,NA,10
1763,NA,10
1764,NA,10
1765,NA,10
1766,NA,10
1767,NA,10
1768,NA,10
1769,NA,10
1770,NA,10
1771,NA,10
1772,NA,10
1773,NA,10
1774,NA,10
1775,NA,10
1776,NA,10
1777,NA,10
1778,NA,10
1779,NA,10
1780,NA,10
1781,NA,10
1782,NA,10
1783,NA,10
1784,NA,10
1785,NA,10
1786,NA,10
1787,NA,10
1788,NA,10
1789,NA,10
1790,NA,10
1791,NA,10
1792,NA,10
1793,NA,10
1794,NA,10
1795,NA,10
1796,NA,10
1797,NA,10
1798,NA,10
1799,NA,10
1800,NA,10
1801,NA,10
1802,NA,10
1803,NA,10
1804,NA,10
1805,NA,10
1806,NA,10
1807,NA,10
1808,NA,10
1809,NA,10
1810,NA,10
1811,NA,10
1812,NA,10
1813,NA,10
1814,NA,10
1815,NA,10
1816,NA,10
1817,NA,10
1818,NA,10
1819,NA,10
1820,NA,10
1821,NA,10
1822,NA,10
1823,NA,10
1824,NA,10
1825,NA,10
1826,NA,10
1827,NA,10
1828,NA,10
1829,NA,10
1830,NA,10
1831,NA,10
1832,NA,10
1833,NA,10
1834,NA,10
1835,NA,10
1836,NA,10
1837,NA,10
1838,NA,10
1839,NA,10
1840,NA,10
1841,NA,10
1842,NA,10
1843,NA,10
1844,NA,10
1845,NA,10
1846,NA,10
1847,NA,10
1848,NA,10
1849,NA,10
1850,NA,10
1851,NA,10
1852,NA,10
1853,NA,10
1854,NA,10
1855,NA,10
1856,NA,10
1857,NA,10
1858,NA,10
1859,NA,10
1860,NA,10
1861,NA,10
1862,NA,10
1863,NA,10
1864,NA,10
1865,NA,10
1866,NA,10
1867,NA,10
1868,NA,10
1869,NA,10
1870,NA,10
1871,NA,10
1872,NA,10
1873,NA,10
1874,NA,10
1875,NA,10
1876,NA,10
1877,NA,10
1878,NA,10
1879,NA,10
1880,NA,10
1881,NA,10
1882,NA,10
1883,NA,10
1884,NA,10
1885,NA,10
1886,NA,10
1887,NA,10
1888,NA,10
1889,NA,10
1890,NA,10
1891,NA,10
1892,NA,10
1893,NA,10
1894,NA,10
1895,NA,10
1896,NA,10
1897,NA,10
1898,NA,10
1899,NA,10
1900,NA,10
1901,NA,10
1902,NA,10
1903,NA,10
1904,NA,10
1905,NA,10
1906,NA,10
1907,NA,10
1908,NA,10
1909,NA,10
1910,NA,10
1911,NA,10
1912,NA,10
1913,NA,10
1914,NA,10
1915,NA,10
1916,NA,10
1917,NA,10
1918,NA,10
1919,NA,10
1920,NA,10
1921,NA,10
1922,NA,10
1923,NA,10
1924,NA,10
1925,NA,10
1926,NA,10
1927,NA,10
1928,NA,10
1929,NA,10
1930,NA,10
1931,NA,10
1932,NA,10
1933,NA,10
1934,NA,10
1935,NA,10
1936,NA,10
1937,NA,10
1938,NA,10
1939,NA,10
1940,NA,10
1941,NA,10
1942,NA,10
1943,NA,10
1944,NA,10
1945,NA,10
1946,NA,10
1947,NA,10
1948,NA,10
1949,NA,10
1950,NA,10
1951,NA,10
1952,NA,10
1953,NA,10
1954,NA,10
1955,NA,10
1956,NA,10
1957,NA,10
1958,NA,10
1959,NA,10
1960,NA,10
1961,NA,10
1962,NA,10
1963,NA,10
1964,NA,10
1965,NA,10
1966,NA,10
1967,NA,10
1968,NA,10
1969,NA,10
1970,NA,10
1971,NA,10
1972,NA,10
1973,NA,10
1974,NA,10
1975,NA,10
1976,NA,10
1977,NA,10
1978,NA,10
1979,NA,10
1980,NA,10
1981,NA,10
1982,NA,10
1983,NA,10
1984,NA,10
1985,NA,10
1986,NA,10
1987,NA,10
1988,NA,10
1989,NA,10
1990,NA,10
1991,NA,10
1992,NA,10
1993,NA,10
1994,NA,10
1995,NA,10
1996,NA,10
1997,NA,10
1998,NA,10
1999,NA,10
2000,NA,10
2001,NA,10
2002,NA,10
2003,NA,10
2004,NA,10
2005,NA,10
2006,NA,10
2007,NA,10
2008,NA,10
2009,NA,10
2010,NA,10
2011,NA,10
2012,NA,10
2013,NA,10
2014,NA,10
2015,NA,10
2016,NA,10
2017,NA,10
2018,NA,10
2019,NA,10
2020,14768.579464938957,10
2021,14888.245804467908,10
2022,15018.330417780673,10
2023,15159.71341619122,10
2024,15313.682210826544,10
2025,15481.853623835517,10
2026,15155.611805272327,10
2027,14874.544218906589,10
2028,14625.877758474888,10
2029,14407.178575586246,10
2030,14216.094176806235,10
2031,14421.281399406773,10
2032,14644.357885600439,10
2033,14875.9905084133,10
2034,15116.001705055878,10
2035,15366.03307938276,10
2036,15465.902391546591,10
2037,15588.574959000058,10
2038,15723.60786990478,10
2039,15871.411174946807,10
2040,16032.8065463407,10
2041,16136.227300027153,10
2042,16257.850405831618,10
2043,16389.9487008508,10
2044,16532.301803560968,10
2045,16684.233402910282,10
2046,17689.616172316368,10
2047,18792.218815403663,10
2048,19984.297935500184,10
2049,21276.127437843108,10
2050,22678.066650616773,10
2051,23540.50875610373,10
2052,24469.94587737204,10
2053,25450.47610864299,10
2054,26483.967183725545,10
2055,27571.97719018123,10
2056,28164.819174883007,10
2057,28808.369585846922,10
2058,29487.881546503846,10
2059,30205.830990322167,10
2060,30967.47707862927,10
2061,31706.254918182312,10
2062,32505.30446400169,10
2063,33356.067314989414,10
2064,34260.85669072156,10
2065,35222.623767525634,10
2066,36120.86318593828,10
2067,37075.11562384714,10
2068,38080.75274028416,10
2069,39144.608760864685,10
2070,40272.93005694139,10
2071,40156.68089751932,10
2072,40061.43197848838,10
2073,39984.728436886944,10
2074,39926.86591104533,10
2075,39887.66643663577,10
2076,41284.01240418608,10
2077,42805.688387953545,10
2078,44436.59471657129,10
2079,46184.188420502025,10
2080,48058.910375866064,10
2081,49764.64786997098,10
2082,51567.5297619176,10
2083,53477.92712209719,10
2084,55500.84124843833,10
2085,57642.376686675285,10
2086,58726.69621126184,10
2087,59879.31993261634,10
2088,61101.22220489131,10
2089,62393.99228161481,10
2090,63758.76606557289,10
2091,64948.44046723621,10
2092,66175.06911965106,10
2093,67485.07262227213,10
2094,68891.9596455802,10
2095,70399.8565824072,10
2096,71357.85730524024,10
2097,72444.21431727477,10
2098,73611.27525849045,10
2099,74856.41466615423,10
2100,76175.63434650819,10
2101,77129.4605655605,10
2102,78162.1907417842,10
2103,79276.88278077272,10
2104,80478.06113612716,10
2105,81772.49530044037,10
2106,84079.09026705686,10
2107,86515.5331511043,10
2108,89078.44923770509,10
2109,91771.88197411678,10
2110,94599.62567563205,10
2111,96281.7608517866,10
2112,98060.51909531317,10
2113,99941.40165109486,10
2114,101935.9826158766,10
2115,104049.07517725298,10
2116,104758.83513702136,10
2117,105561.22490762743,10
2118,106462.31638983251,10
2119,107457.16828685487,10
2120,108537.44743969085,10
2121,110194.4962986658,10
2122,111936.77509512976,10
2123,113811.67509676974,10
2124,115830.67632318287,10
2125,117999.97159140158,10
2126,120578.2880743295,10
2127,123368.49289460966,10
2128,126299.67208268803,10
2129,129373.78077862618,10
2130,132588.8902150427,10
2131,134810.07964425828,10
2132,137254.4059076044,10
2133,139824.16078654042,10
2134,142536.0820376541,10
2135,145408.69001715787,10
2136,150223.40383970458,10
2137,155404.40673860075,10
2138,160891.5054254984,10
2139,166697.17458437968,10
2140,172831.78652165338,10
2141,179462.63512590763,10
2142,186603.67350845778,10
2143,194343.81656647407,10
2144,202760.8725564517,10
2145,211937.40137463307,10
2146,212798.4597466823,10
2147,213826.81570801913,10
2148,215027.64344840476,10
2149,216406.88567418436,10
2150,217963.5153429522,10
2151,225761.57756938928,10
2152,234177.16504218764,10
2153,243211.19556337816,10
2154,252917.32811787608,10
2155,263383.8163734618,10
2156,268786.9490076463,10
2157,274763.75947121263,10
2158,281306.6770104985,10
2159,288448.894099919,10
2160,296217.43825493683,10
2161,292785.35276704817,10
2162,289871.3797382436,10
2163,287351.5215306344,10
2164,285202.0294888146,10
2165,283450.1762860121,10
2166,291840.43914238526,10
2167,300922.3691579192,10
2168,310565.9802768892,10
2169,320778.33824078203,10
2170,331575.774523116,10
2171,331872.47598086705,10
2172,332659.7367291964,10
2173,333789.0850353239,10
2174,335264.7933996405,10
2175,337108.7662382413,10
2176,342485.17856256163,10
2177,348344.75485607504,10
2178,354580.6610575669,10
2179,361193.4666884879,10
2180,368184.40732194943,10
2181,365532.9117968204,10
2182,363173.4218623951,10
2183,361040.5174817924,10
2184,359120.11251631874,10
2185,357396.26016085694,10
2186,351460.8249318815,10
2187,345820.4066018397,10
2188,340604.5154653949,10
2189,335794.1927293496,10
2190,331403.34341077687,10
2191,338755.1255453839,10
2192,346581.1011822025,10
2193,354862.43569697393,10
2194,363614.9114460741,10
2195,372856.13812661805,10
2196,371900.357471354,10
2197,371363.7616273933,10
2198,371279.5922396456,10
2199,371691.4193894039,10
2200,372625.51037969405,10
2201,369314.821128071,10
2202,366419.14221995673,10
2203,363814.8338882463,10
2204,361487.847626296,10
2205,359417.721134458,10
2206,360058.7507690683,10
2207,360855.9612966222,10
2208,361861.1789776765,10
2209,363075.68597146776,10
2210,364518.8238260606,10
2211,367955.9497269495,10
2212,371745.44124134,10
2213,375863.0889616152,10
2214,380313.1168358771,10
2215,385104.2347828266,10
2216,394349.9539464679,10
2217,403943.90985050984,10
2218,414058.98568494845,10
2219,424707.43379036215,10
2220,435900.34986106073,10
2221,432611.1895796971,10
2222,429473.7390875663,10
2223,426705.34992047184,10
2224,424359.79819086386,10
2225,422427.22965560475,10
2226,426576.3309491797,10
2227,431336.160872471,10
2228,436482.6392674202,10
2229,442009.46765811753,10
2230,447895.6605920467,10
2231,461975.9655724249,10
2232,476973.1723042909,10
2233,492901.6138454646,10
2234,509856.07487590687,10
2235,527936.3974660261,10
2236,541798.894935724,10
2237,556776.1332125793,10
2238,572755.3821287125,10
2239,589780.0927265179,10
2240,607889.9974030585,10
2241,611604.4881967169,10
2242,615310.5406758923,10
2243,619331.6660489978,10
2244,623728.144270588,10
2245,628538.5158170342,10
2246,628722.2040375512,10
2247,629908.7854996038,10
2248,631666.9852122066,10
2249,634001.775043759,10
2250,636909.9464273828,10
2251,648609.3457754178,10
2252,661527.7755769034,10
2253,675594.7167068655,10
2254,690875.4519970013,10
2255,707500.6059790085,10
2256,742706.4503435353,10
2257,780617.1259444725,10
2258,821438.1908212578,10
2259,865426.3819013524,10
2260,912867.4681131329,10
2261,905822.6838649022,10
2262,900161.5318744906,10
2263,895311.130492191,10
2264,891211.291202329,10
2265,887806.2143174757,10
2266,896878.492887752,10
2267,908232.3732024232,10
2268,921316.5153924949,10
2269,936281.4904488649,10
2270,953185.8229885423,10
2271,988922.1412376611,10
2272,1.0269985958466737e6,10
2273,1.067536536367325e6,10
2274,1.1106625477927092e6,10
2275,1.1565576867923401e6,10
2276,1.1702561926778986e6,10
2277,1.1845040271131727e6,10
2278,1.199980708737363e6,10
2279,1.2167921632756002e6,10
2280,1.2350730387944472e6,10
2281,1.2531951459761197e6,10
2282,1.2743431649083747e6,10
2283,1.2986770390276758e6,10
2284,1.326461312950522e6,10
2285,1.3579624043055149e6,10
2286,1.3602363027911906e6,10
2287,1.3640470601527903e6,10
2288,1.369744795081051e6,10
2289,1.3774420775882597e6,10
2290,1.3870733642915895e6,10
2291,1.4036815339485863e6,10
2292,1.4227684413650618e6,10
2293,1.4433936209445947e6,10
2294,1.4655464038613678e6,10
2295,1.489195284181174e6,10
2296,1.5025788631000032e6,10
2297,1.5171088824717507e6,10
2298,1.532567422717459e6,10
2299,1.549177474234798e6,10
2300,1.5670203783799207e6,10
